id,domain,status,purchase_price,renewal_price,attractiveness,demand,length,registrar,created_at,expires_at,status_verified_at
f705261c-f446-48b2-8324-af5a6a5ee6db,auspex.dog,available,5.98,86.98,medium,low,6,namecheap,,,21/09/2026 03:22
fa7549e4-d2bf-4b05-b143-b47165bc1f6d,barebacked.dog,available,5.98,86.98,medium,low,10,namecheap,,,08/08/2026 18:44
917a0d91-9dfb-420a-9cfe-bec16c6c11e2,lingually.dog,available,5.98,86.98,medium,low,9,namecheap,,,15/09/2026 12:28
78314ead-eb84-40fb-8598-334fbd055e61,disunite.dog,available,5.98,86.98,medium,low,8,namecheap,,,14/08/2026 11:14
8d636514-425b-416b-af5d-7acae63c481b,measly.dog,available,5.98,86.98,medium,low,6,namecheap,,,24/08/2026 18:23
06f800ce-8bb1-43d5-b6b2-898df3c085ca,closet.dog,available,5.98,86.98,high,low,6,namecheap,,,24/09/2026 15:59
1a833afb-19d1-40f7-96be-463dbf308009,barycenter.dog,available,7.49,64.99,medium,low,10,namesilo,,,22/09/2026 09:39
01965e7b-e28d-4fd2-81cc-7ca3c45087f3,excuse.dog,available,7.49,64.99,high,low,6,namesilo,,,25/09/2026 22:39
ceda5b92-8fec-4f66-95e3-8dd1a8250276,sellable.dog,available,5.98,86.98,medium,low,8,namecheap,,,24/08/2026 20:28
88e234cc-4593-42d4-8ce3-b780d3a238f9,denison.dog,available,50.2,50.2,medium,low,7,cloudflare,,,28/09/2026 08:06
c2c06049-72a1-43de-87a4-ba6c57a0e579,kleenex.dog,available,5.38,51.95,high,low,7,spaceship,,,30/09/2026 01:39
2673e884-7956-433c-ab9f-009fb637e0b3,feminism.dog,available,3.5,53.72,high,low,8,dynadot,,,29/09/2026 19:12
83b3513b-5dbe-4a05-92d6-f7dac371c330,imported.dog,available,5.98,86.98,medium,low,8,namecheap,,,21/08/2026 22:48
5dd9c70b-21d8-4679-9330-7b56b1d340fa,fitzpatrick.dog,available,7.49,64.99,medium,low,11,namesilo,,,27/09/2026 07:56
7448fa1e-30df-4378-96a9-82314dae685f,balcony.dog,available,5.98,86.98,high,low,7,namecheap,,,21/09/2026 21:28
029c68f1-9170-41f1-8956-461cf09172a4,borges.dog,available,3.5,53.72,high,low,6,dynadot,,,29/09/2026 11:45
57e5e21f-ecbc-4476-ad98-fadf8d63884a,abaya.dog,available,5.98,86.98,medium,low,5,namecheap,,,16/09/2026 14:18
1dfb04c4-b818-4045-8931-69b5cc522af9,vain.dog,available,7.49,64.99,high,low,4,namesilo,,,22/09/2026 23:50
b6ae2481-5462-4686-b7a2-d1efa116a34e,lecturing.dog,available,5.38,51.95,high,low,9,spaceship,,,01/10/2026 02:51
e30bb301-ba1d-4515-b2db-bdb487b7d31a,fell.dog,available,5.98,86.98,medium,low,4,namecheap,,,08/08/2026 15:49
3256f1b9-800b-4653-af04-fa1d019cccc2,nicely.dog,available,5.98,86.98,high,low,6,namecheap,,,15/09/2026 16:32
507404b5-8f58-4adc-8260-c3478ee8ce39,coffeecake.dog,available,5.99,,high,low,11,name.com,,,
8b157bb4-bfeb-4b7f-8d0c-a2a3339ab910,departmental.dog,available,7.49,64.99,medium,low,12,namesilo,,,30/09/2026 14:39
4b757d4f-4fda-42f7-97dd-9ec9887d187e,ricky.dog,available,5.98,86.98,high,low,5,namecheap,,,27/09/2026 19:08
70ccccff-a624-4556-a956-4b8d94ee2214,ragamuffin.dog,available,5.98,86.98,medium,low,10,namecheap,,,11/09/2026 09:09
448ed374-2da1-4dc4-9431-f76dd9eaae22,digestible.dog,available,5.98,86.98,high,low,10,namecheap,,,14/08/2026 07:14
f30304cb-517a-4e0e-92e2-f4aecb2eb372,cryonic.dog,available,5.98,86.98,medium,low,7,namecheap,,,13/08/2026 09:37
fcbffe00-a1e8-4b78-b236-e6d3710ddb83,pines.dog,available,50.2,50.2,medium,low,5,cloudflare,,,30/09/2026 07:04
3f76bb00-f3a5-455b-9724-290e53b8b1da,echt.dog,available,5.98,86.98,high,low,4,namecheap,,,14/08/2026 23:41
1e0aad5d-4de2-4e30-b842-7cff3c82533b,crappy.dog,available,5.98,86.98,medium,low,6,namecheap,,,13/08/2026 05:12
cc6339e3-7a9d-4b77-94bb-45dfc67c1656,according.dog,available,5.98,86.98,high,low,9,namecheap,,,
36c0b214-92f9-4b46-b9ba-d407ace8d8b6,decrease.dog,available,5.38,51.95,medium,low,8,spaceship,,,29/09/2026 00:39
85a889a2-a600-4763-acc4-9aa2487667c4,highly.dog,available,7.49,64.99,medium,low,6,namesilo,,,28/09/2026 14:51
3b0996e8-b5ae-4938-816b-72f9afcdd21a,ignoring.dog,available,5.38,51.95,medium,low,8,spaceship,,,28/09/2026 11:32
cf738a56-824d-470c-a355-3c223c1dfef3,minors.dog,available,5.38,51.95,high,low,6,spaceship,,,29/09/2026 18:08
29813d83-16df-48cd-8d7a-1775865fd7ad,sewell.dog,available,3.5,53.72,medium,low,6,dynadot,,,28/09/2026 22:10
49477700-5c2f-4707-97ae-adfd43177d71,cheesy.dog,available,7.49,64.99,medium,low,6,namesilo,,,23/09/2026 11:13
76848bf1-0df1-4562-a265-f6f8cf92e68c,qualified.dog,available,5.98,86.98,high,low,9,namecheap,,,14/08/2026 02:10
a160964b-7912-4dbf-a9fd-bdcbbc71f767,granth.dog,available,7.49,64.99,medium,low,6,namesilo,,,17/09/2026 08:05
a29af388-4248-4d4d-95ad-0b5126cbf9df,awoke.dog,available,7.49,64.99,medium,low,5,namesilo,,,30/09/2026 14:18
187c16cd-6b48-4520-ba67-48e6c7946e61,confusing.dog,available,5.98,86.98,high,low,9,namecheap,,,23/09/2026 20:14
5f2665cd-3805-4589-9d1e-c6b5f288c16f,avena.dog,available,7.49,64.99,high,low,5,namesilo,,,21/09/2026 08:53
c828db45-1bf4-4e32-aa77-566e501f54c1,peddling.dog,available,5.38,51.95,medium,low,8,spaceship,,,30/09/2026 02:33
a4d71eb3-03a7-4ecf-b425-8aa64f892c34,wholesale.dog,resell,,,high,low,9,Dynadot Inc,10/06/2026 17:00,10/06/2027 17:00,28/09/2026 09:01
a394b0fc-70e7-46ee-8565-76df0c8f1597,andover.dog,available,7.49,64.99,medium,low,7,namesilo,,,27/09/2026 18:38
db6b9477-19a0-4315-ba6c-0ec666f6c1de,commons.dog,available,7.49,64.99,high,low,7,namesilo,,,23/09/2026 16:05
9423e78b-8d15-449c-9380-c57db4fd9d3e,aris.dog,available,5.38,51.95,high,low,4,spaceship,,,30/09/2026 03:35
5f069e35-1fe1-4f3a-ada3-a9ed7949488c,audi.dog,available,,,high,high,4,,,,
2b23331b-37d6-46a9-9540-5c2f954bebe0,hiding.dog,available,5.98,86.98,high,low,6,namecheap,,,08/09/2026 11:45
84c22b29-17a1-414f-aa01-58c898b41417,corporation.dog,available,7.49,64.99,high,low,11,namesilo,,,27/09/2026 16:41
b3f83582-2305-4b6d-95c2-37047c0f29a8,communicating.dog,available,3.5,53.72,medium,low,13,dynadot,,,28/09/2026 17:54
6d9d1bb5-d133-45dc-ab1b-2daca5bd782e,virginia.dog,available,7.49,64.99,high,low,8,namesilo,,,25/09/2026 09:38
bd138ab7-fe0f-4407-857a-390cfed75641,scrutiny.dog,available,9.99,111.99,high,low,8,godaddy,,,30/09/2026 01:34
c1a8b0fd-4cb9-433f-ad63-3adb15d142ec,granville.dog,available,7.49,64.99,medium,low,9,namesilo,,,27/09/2026 01:40
7ce3bc4a-818b-4cc2-a44e-01db3569d4df,strangle.dog,available,7.49,64.99,medium,low,8,namesilo,,,30/09/2026 17:32
77db0db9-632b-4767-b320-37c0d1ef11ac,georgian.dog,available,5.98,86.98,high,low,8,namecheap,,,18/08/2026 22:37
140819d3-2d19-4b2f-8bb1-0c0115dde0ae,supple.dog,available,5.98,86.98,high,low,6,namecheap,,,23/08/2026 11:09
ae38da25-348f-461d-b9b1-63176ef8c86d,enlarged.dog,available,7.49,64.99,high,low,8,namesilo,,,22/09/2026 22:37
2e23ea08-bec7-4405-8144-13a1a46a654b,calciferol.dog,available,5.99,83.99,high,low,10,name.com,,,13/08/2026 15:07
96344f5b-648a-4238-9fee-f700d0bfc596,bellying.dog,available,5.98,86.98,low,low,8,namecheap,,,09/08/2026 13:37
d3ebf4ff-7d18-45b1-b878-bca8588791da,ictic.dog,available,5.98,86.98,low,low,5,namecheap,,,21/08/2026 17:53
c6c831e6-2832-4861-8e03-e9f2291664e2,unbarred.dog,available,5.98,86.98,medium,low,8,namecheap,,,12/09/2026 01:34
eebf90d2-b791-4c7a-a325-cb558cdd4104,excites.dog,available,7.49,64.99,medium,low,7,namesilo,,,20/09/2026 13:19
dd892eeb-c639-4081-88ce-e4c5fe10b91c,ablaze.dog,available,5.98,86.98,high,low,6,namecheap,,,
082f8571-8bb8-470f-b24b-1899994e5674,pricy.dog,available,5.98,86.98,medium,low,5,namecheap,,,21/08/2026 08:58
6252f8d6-4af4-4bb1-901e-4deb184f01a1,strikingly.dog,available,7.49,64.99,medium,low,10,namesilo,,,16/09/2026 07:22
88672032-7490-41dc-a702-a0c5860e7749,asian.dog,available,7.49,64.99,high,low,5,namesilo,,,29/09/2026 09:41
0b3aa971-a580-48b5-86cf-69c065a07939,flawless.dog,available,5.98,86.98,high,low,8,namecheap,,,18/08/2026 07:19
b52fdfe0-450c-4218-beb8-2ca2a74f1e4d,tasmanian.dog,available,5.98,86.98,high,low,9,namecheap,,,11/09/2026 08:50
bfd218d5-1528-427e-9e77-b44ea373812d,stokes.dog,available,7.49,64.99,medium,low,6,namesilo,,,28/09/2026 22:21
289bd294-b848-4456-b3dc-46bf4c65a271,huston.dog,available,7.49,64.99,medium,low,6,namesilo,,,28/09/2026 14:28
cbdd5515-a386-4c63-a282-1971766e86bd,frumpy.dog,available,5.98,86.98,medium,low,6,namecheap,,,18/08/2026 17:06
5c685e49-ffcd-44f7-b911-684d14ca11ad,armand.dog,available,5.98,86.98,medium,low,6,namecheap,,,28/09/2026 07:26
aa9324f1-d3a7-4103-85a6-a94a3dad61cb,ann.dog,available,5.99,,high,low,3,name.com,,,
519bb2c3-14af-4ab9-8807-812876a0cc0e,simplicity.dog,available,7.49,64.99,high,low,10,namesilo,,,29/09/2026 08:19
fcceea9e-dc8a-4784-aa38-fddb03bc2e7e,conversion.dog,available,7.49,64.99,high,low,10,namesilo,,,29/09/2026 06:19
7325d191-b7fd-48aa-a71f-9678cc143eeb,royalties.dog,available,7.49,64.99,medium,low,9,namesilo,,,18/09/2026 03:27
78ee0c05-23ab-4132-85f2-52d1128659ba,salts.dog,available,7.49,64.99,medium,low,5,namesilo,,,20/09/2026 01:25
bb4d914a-d4fc-4b3f-984b-fd34c378ed3a,anura.dog,available,7.49,64.99,medium,low,5,namesilo,,,19/09/2026 15:53
d4a52c0f-0402-4159-9069-694e829a5a05,marvellous.dog,available,5.98,86.98,high,low,10,namecheap,,,25/09/2026 00:14
9676fcc1-ba08-4ab6-9de9-1d585cd7814f,crumpled.dog,available,5.98,86.98,medium,low,8,namecheap,,,13/08/2026 09:06
cbe694be-c533-40a8-ba97-9528a4de7f88,carping.dog,available,5.98,86.98,medium,low,7,namecheap,,,18/08/2026 00:03
7a915b32-0b8c-411d-84b6-52ba18bed164,mahler.dog,available,7.49,64.99,medium,low,6,namesilo,,,29/09/2026 01:10
c7fdf09c-3b20-4264-bbde-2525cc6eec35,beefy.dog,available,5.98,86.98,medium,low,5,namecheap,,,09/08/2026 07:49
cc432643-fcf1-4af8-9c44-7b01b85d80cd,oversized.dog,available,5.98,86.98,medium,low,9,namecheap,,,04/09/2026 19:45
d50e4572-b498-4c6d-aab8-87bda6a6c3d3,urges.dog,available,5.98,86.98,medium,low,5,namecheap,,,16/09/2026 09:15
7b854b5a-ed82-47ff-a9e4-e409202f43f3,methodical.dog,available,5.98,86.98,high,low,10,namecheap,,,24/08/2026 21:56
3ed274ec-3998-40a8-a97c-bcc5c43c3624,brenner.dog,available,50.2,50.2,medium,low,7,cloudflare,,,28/09/2026 22:08
4cbfd035-20d2-49dd-ba44-82c3f5c975f1,scientifically.dog,available,7.49,64.99,medium,low,14,namesilo,,,28/09/2026 07:41
825314e1-8929-4b5b-a2aa-a01f16372a15,television.dog,available,7.49,64.99,high,low,10,namesilo,,,28/09/2026 15:29
31c542db-61dd-465f-b558-9c23a8c37633,leaks.dog,available,7.49,64.99,medium,low,5,namesilo,,,18/09/2026 06:46
74556c59-8bfd-4200-acdf-a0c5c1031be9,confidential.dog,available,7.49,64.99,high,low,12,namesilo,,,27/09/2026 17:23
9665c632-7551-43e1-a531-2a01b82eef91,stimulant.dog,available,5.98,86.98,high,low,9,namecheap,,,17/08/2026 16:30
4ed17b7f-b669-4da2-bfe4-3ad3551b82f3,turku.dog,available,5.38,51.95,medium,low,5,spaceship,,,30/09/2026 20:48
ef3c28b2-893f-4e60-91fe-3c10777e4d44,rattled.dog,available,5.98,86.98,medium,low,7,namecheap,,,18/08/2026 09:33
07064806-7404-47b5-85ef-0f5f55ae3c5e,battling.dog,available,5.38,51.95,medium,low,8,spaceship,,,29/09/2026 09:02
b54aa370-0321-46d7-9f73-8c72ad48ffb5,avoided.dog,available,50.2,50.2,low,low,7,cloudflare,,,29/09/2026 05:05
5329f45c-8178-4484-9060-4ec696017f18,fraternal.dog,available,5.98,86.98,high,low,9,namecheap,,,10/08/2026 03:44
af9bc4c3-6621-409c-81f7-04d3f0816227,langley.dog,available,50.2,50.2,high,low,7,cloudflare,,,28/09/2026 14:40
b49c8be7-c145-4995-b5e7-8cc2f0fe498e,stevens.dog,available,5.98,86.98,high,low,7,namecheap,,,25/09/2026 06:30
27714534-1479-44e8-bb27-5dd5e361fa1a,gabriel.dog,available,5.98,86.98,high,medium,7,namecheap,,,28/09/2026 05:49
7f1c24b6-a8d4-47bc-b652-7a668edb02c1,stumps.dog,available,5.99,,medium,low,6,name.com,,,
42124436-5866-4370-a1db-a9a21e7b9459,relates.dog,available,9.99,111.99,medium,low,7,godaddy,,,01/10/2026 00:18
1a5d7424-eaa5-4844-939c-b7326b88c804,rockville.dog,available,7.49,64.99,medium,low,9,namesilo,,,28/09/2026 16:09
015b263b-0fa7-4d42-bbff-b77c285752b6,instrumental.dog,available,3.5,53.72,high,low,12,dynadot,,,29/09/2026 08:27
26bc3fe2-c027-4013-84be-173779664614,garry.dog,available,50.2,50.2,high,low,5,cloudflare,,,28/09/2026 03:42
fc8e3936-9054-4d13-8257-caf7e0ae2d2c,abolition.dog,available,5.98,86.98,high,low,9,namecheap,,,16/09/2026 16:28
1b6124cc-0b72-4947-99f7-45a4ce2cb0b8,sewed.dog,available,5.98,86.98,medium,low,5,namecheap,,,10/09/2026 05:05
75da196d-768b-46bb-84d5-b584e1f4c75a,pectoralis.dog,available,5.98,86.98,medium,low,10,namecheap,,,08/09/2026 12:06
6fff1be5-e465-4df5-96c8-07bb9ffded42,babel.dog,available,7.49,64.99,high,low,5,namesilo,,,21/09/2026 12:37
9376e102-f378-4f40-83b6-8ddc6534edff,folds.dog,available,7.49,64.99,medium,low,5,namesilo,,,30/09/2026 14:49
db41fbb5-aef0-47de-987f-263fb183fe2e,blackseed.dog,available,7.49,64.99,medium,low,9,namesilo,,,24/09/2026 03:00
76f45cc8-c7b7-4638-947f-bef273b58280,drawing.dog,available,7.49,64.99,high,low,7,namesilo,,,29/09/2026 16:41
b7ab5a43-a63d-4796-811d-35248e020809,hussein.dog,available,7.49,64.99,medium,low,7,namesilo,,,25/09/2026 07:40
ca8c88ff-3db2-42c9-96b0-8bb45e7a8d5d,stables.dog,available,5.98,86.98,medium,low,7,namecheap,,,28/09/2026 23:40
851e07c5-d0dc-4ec3-91dd-e9d8b2b08134,teatime.dog,available,7.49,64.99,high,low,7,namesilo,,,17/09/2026 15:45
d36ab34e-fe52-41c5-8198-e4690df272a4,adenauer.dog,available,5.99,83.99,medium,low,8,name.com,,,17/09/2026 07:24
9fe8b9db-ffaf-40da-b40d-352b18c47a9e,tacking.dog,available,5.98,86.98,medium,low,7,namecheap,,,22/09/2026 12:46
bff69124-e063-443a-88e0-bc48cc5082b1,igbo.dog,available,5.38,51.95,high,low,4,spaceship,,,30/09/2026 10:17
e345bdf9-b73b-422f-8d91-fbc660df79e7,winn.dog,available,7.49,64.99,high,low,4,namesilo,,,29/09/2026 15:04
8e96254b-d16a-4bdb-bb41-918d2f949694,inception.dog,available,3.6,52.01,high,low,9,porkbun,,,29/09/2026 23:45
abb8eb91-84ef-4281-b380-694af946d4d7,repeatable.dog,available,5.98,86.98,medium,low,10,namecheap,,,09/09/2026 09:08
40d9ee35-ea4e-4e11-9753-ef051dd8c850,tireless.dog,available,5.98,86.98,high,low,8,namecheap,,,21/08/2026 00:49
9546ab09-be97-4a51-bffa-d91651c21a6b,trio.dog,available,7.49,64.99,high,low,4,namesilo,,,21/09/2026 13:05
d858483f-57ba-4fa5-bebb-e3d897c32bad,stunningly.dog,available,7.49,64.99,medium,low,10,namesilo,,,16/09/2026 06:09
48039f12-9df4-46d7-bae8-139502a17ecc,arianrhod.dog,available,5.98,86.98,medium,low,9,namecheap,,,20/09/2026 05:14
00b7954e-5dde-41e8-b13f-8e04b045be9c,banqueting.dog,available,7.49,64.99,high,low,10,namesilo,,,22/09/2026 03:08
2ba6e8a1-01ac-462b-9d2a-24576c0c7786,unfeigned.dog,available,5.98,86.98,medium,low,9,namecheap,,,12/09/2026 10:06
ed3de565-0e55-437f-aaaa-f8a920741b6f,beethoven.dog,available,5.98,86.98,high,low,9,namecheap,,,23/09/2026 01:53
1f351631-361d-4d94-a2c1-272dcafaf510,sourly.dog,available,5.98,86.98,low,low,6,namecheap,,,16/09/2026 05:40
73429fe2-5650-4cf3-9d80-8588d36e1cf1,asterisk.dog,available,5.98,86.98,high,low,8,namecheap,,,20/09/2026 17:11
d3dec223-d562-43e2-b371-4e5e36e396d6,grease.dog,available,5.38,51.95,high,low,6,spaceship,,,28/09/2026 14:21
f0dcb2f9-2bb7-4d46-a30f-18f5acb84c6e,kissing.dog,available,7.49,64.99,high,low,7,namesilo,,,24/09/2026 12:56
91e849c2-8edf-4d65-919b-de7b10753dad,nell.dog,available,3.6,52.01,medium,low,4,porkbun,,,28/09/2026 07:53
5fa15337-0f0c-4f52-82bb-b6b92f1d43af,misgiving.dog,available,7.49,64.99,medium,low,9,namesilo,,,24/09/2026 23:11
565b2785-b879-4a61-82b5-182c767b8002,ephesus.dog,available,50.2,50.2,medium,low,7,cloudflare,,,29/09/2026 06:27
ef708296-0e60-4966-8f17-bcf82835b0dd,tympanic.dog,available,5.98,86.98,medium,low,8,namecheap,,,11/09/2026 22:25
df7fa43a-075e-4a15-9c13-6c57d7a53347,kathy.dog,available,5.38,51.95,high,low,5,spaceship,,,27/09/2026 19:14
441fc96c-96e5-4954-a50d-2ccda8175b67,beverages.dog,available,7.49,64.99,medium,low,9,namesilo,,,30/09/2026 06:27
a1a9ac28-acca-4871-9977-c58a0e5a83f4,sindh.dog,available,7.49,64.99,medium,low,5,namesilo,,,30/09/2026 13:12
4d45e136-b09e-4025-ab03-7cb31121d75c,evolved.dog,available,50.2,50.2,high,low,7,cloudflare,,,28/09/2026 21:24
a6dee7ba-ce8a-41ba-a89c-4ccfef44ff7f,scourge.dog,available,5.98,86.98,medium,low,7,namecheap,,,18/08/2026 06:16
ed0c9f47-7a96-4822-8179-0a58fdba8d53,romanians.dog,available,5.38,51.95,medium,low,9,spaceship,,,30/09/2026 00:08
5bd943dc-dcc3-44cc-897a-658de86ca92a,projectile.dog,available,5.98,86.98,high,low,10,namecheap,,,09/09/2026 02:59
250590dc-a0e6-4a86-a8b8-29f17d23474d,hitless.dog,available,5.98,86.98,medium,low,7,namecheap,,,20/08/2026 15:56
47d0ed6e-3061-4db1-b72c-4cb1decffe48,earth.dog,resell,,,high,medium,5,"GoDaddy.com, LLC",14/04/2021 00:57,14/04/2027 00:57,29/09/2026 16:58
a7d7987c-f839-48c2-aa8c-ef15548c75cc,mya.dog,resell,,,high,low,3,,,,30/09/2026 09:54
3b5b52e1-5fea-4235-84af-1167c3a78b9f,proceeding.dog,available,5.38,51.95,medium,low,10,spaceship,,,28/09/2026 10:14
ee959229-0225-4779-b3c5-dd90d8c9b213,temperature.dog,available,5.99,,high,low,11,name.com,,,
71c335c0-9b26-44f7-81bf-a1ccd3d66596,checklist.dog,available,5.38,51.95,high,low,9,spaceship,,,29/09/2026 08:35
49c18d02-c650-4a6f-aed4-d72d7e43fa0e,profits.dog,available,5.38,51.95,high,low,7,spaceship,,,28/09/2026 05:34
e00f1f1d-9bbb-4f75-ac60-df5200c1a2bc,advertisements.dog,available,5.99,,medium,low,14,name.com,,,
a6177ce8-e307-4501-8fef-4d3ed26de592,originally.dog,available,5.98,86.98,high,low,10,namecheap,,,15/09/2026 07:14
07f343ea-6b49-4a5a-9e41-3a7b5f7fe55a,appalling.dog,available,5.98,86.98,medium,low,9,namecheap,,,06/08/2026 04:31
d10758bb-e945-4389-a16f-715d9652cc5e,relational.dog,available,5.98,86.98,high,low,10,namecheap,,,09/09/2026 13:20
3e838fb3-77a0-4fb7-b0bf-175634370b71,solomon.dog,available,50.2,50.2,high,low,7,cloudflare,,,28/09/2026 20:31
cbf9d51f-dd8b-453e-9c0c-54767025fa1a,susurrous.dog,available,5.98,86.98,medium,low,9,namecheap,,,03/09/2026 11:24
a01cfa82-875b-4ee6-b789-7c9ed2622a17,myotonic.dog,available,5.98,86.98,medium,low,8,namecheap,,,03/09/2026 12:15
d6af323b-04f5-445e-985c-8a85052951be,include.dog,available,3.6,52.01,high,low,7,porkbun,,,30/09/2026 20:19
70a051ea-e9f6-4e2f-9568-e66999a70af5,eighty.dog,available,5.98,86.98,high,low,6,namecheap,,,
559f4adf-d00c-49ed-a92f-7bf22936b4dd,lana.dog,available,7.49,64.99,high,low,4,namesilo,,,29/09/2026 04:18
775b9334-a8b0-4547-993a-1f411a2fda6a,jammed.dog,available,5.98,86.98,medium,low,6,namecheap,,,22/08/2026 12:07
5052eff5-7c3f-4310-aab7-83aafd079908,lust.dog,available,50.2,50.2,high,low,4,cloudflare,,,30/09/2026 02:38
96e8da52-3d20-4deb-9b78-f81d99924d09,engineers.dog,available,3.5,53.72,high,low,9,dynadot,,,30/09/2026 21:06
9edea067-226c-4eeb-a213-550f43566c5c,dday.dog,available,7.49,64.99,high,low,5,namesilo,,,16/09/2026 12:39
349f2d3b-f69d-4672-b0cb-5f360f076a45,assess.dog,available,7.49,64.99,high,low,6,namesilo,,,30/09/2026 15:16
b6bc7323-9318-416b-b5da-a74fd177802b,buxom.dog,available,5.98,86.98,medium,low,5,namecheap,,,10/08/2026 20:28
ebb9a5e2-b148-435d-8743-98bf083ce790,huddersfield.dog,available,5.38,51.95,medium,low,12,spaceship,,,30/09/2026 04:49
ca693aff-389b-44b5-988d-c3a6409b2949,hussey.dog,available,5.98,86.98,high,low,6,namecheap,,,29/09/2026 15:04
eeebfde1-f0b1-488b-aff2-3b606846e214,uncured.dog,available,5.98,86.98,medium,low,7,namecheap,,,12/09/2026 06:39
a076355b-3180-453e-97d6-235e4f6cd429,playstation.dog,available,,,high,high,11,,,,
4cba19c7-c56c-4457-900a-ebb3ef50fe5e,remorse.dog,available,5.38,51.95,medium,low,7,spaceship,,,29/09/2026 00:28
25ce13fa-fb2a-448b-8c7a-79b8ffa7d636,appleton.dog,available,5.98,86.98,medium,low,8,namecheap,,,19/09/2026 21:41
b9f03ebe-dda4-434e-b4df-b1ac58239a37,liii.dog,available,5.98,86.98,medium,low,4,namecheap,,,
4b3ac7de-2ecd-421d-b45b-83cf35c2efa3,receiving.dog,available,50.2,50.2,high,low,9,cloudflare,,,27/09/2026 17:11
c97d4df3-e673-4faf-9519-0441d792c9cd,swain.dog,available,7.49,64.99,medium,low,5,namesilo,,,22/09/2026 21:56
211d00e2-1c6d-46cf-87f2-761630c59be4,humoral.dog,available,5.98,86.98,medium,low,7,namecheap,,,21/08/2026 15:21
896e17e5-56f8-4ba8-bfe6-db6e2fc31cf7,bilby.dog,available,5.98,86.98,medium,low,5,namecheap,,,23/09/2026 15:40
d7d8e4b7-4c62-44e1-994f-af1fdc6008a9,kooky.dog,available,5.98,86.98,medium,low,5,namecheap,,,06/08/2026 21:04
56a80a83-c883-4349-8d05-57486c6281d8,slaughtered.dog,available,50.2,50.2,medium,low,11,cloudflare,,,29/09/2026 05:12
ff6b47f5-a2c4-4e80-a3b3-35f08042bc15,attendee.dog,available,7.49,64.99,high,low,8,namesilo,,,21/09/2026 01:26
a7c72bd7-5ee7-4e57-be3a-dea95b1b35e5,gazillion.dog,available,5.98,86.98,high,low,9,namecheap,,,11/09/2026 19:54
b0093b47-5f9a-4f76-9531-cdba8e935d02,cortez.dog,available,5.38,51.95,high,low,6,spaceship,,,30/09/2026 16:48
3aed44f8-70cb-459d-8818-6e742392517e,sephardic.dog,available,3.5,53.72,medium,low,9,dynadot,,,30/09/2026 06:25
c51202f4-99d0-434f-a3ba-af5d11940da0,cajole.dog,available,7.49,64.99,medium,low,6,namesilo,,,24/09/2026 04:10
dd78dbe5-8625-40b8-be52-4918bdfe6753,orphan.dog,available,7.49,64.99,high,low,6,namesilo,,,30/09/2026 06:17
031da171-c1d6-45a0-9779-05528e3ab2d0,archaeology.dog,available,5.38,51.95,high,low,11,spaceship,,,29/09/2026 22:59
9352f595-75fe-48ba-8504-88f526497ffe,cheltenham.dog,available,5.38,51.95,medium,low,10,spaceship,,,28/09/2026 12:18
3dd7a2b9-77ae-4e41-8700-2fc58c0c9a6c,marry.dog,available,5.98,86.98,high,low,5,namecheap,,,13/09/2026 09:36
047d8a68-fe99-456d-b242-49ffa9a5bd5e,glance.dog,available,7.49,64.99,high,low,6,namesilo,,,29/09/2026 11:47
0110f290-7667-4a54-b677-0e733b4c19fc,emollient.dog,available,5.98,86.98,high,low,9,namecheap,,,14/08/2026 01:39
4121d1e1-a13c-469c-aaa8-852c7690e584,sombre.dog,available,5.98,86.98,medium,low,6,namecheap,,,10/09/2026 14:02
d5f92b22-692a-4d6c-b6fc-31a938f48817,nodded.dog,available,7.49,64.99,medium,low,6,namesilo,,,18/09/2026 03:34
0038b028-2786-4fa8-b9e6-34bb9d0620e9,hires.dog,available,7.49,64.99,high,low,5,namesilo,,,30/09/2026 05:35
2a06a68c-c6b0-484e-8108-7668ce143c1e,colourise.dog,available,5.98,86.98,medium,low,9,namecheap,,,12/08/2026 17:38
78ae9c2b-6f7b-4f5b-b9f3-66f15f289b97,offerings.dog,available,7.49,64.99,medium,low,9,namesilo,,,18/09/2026 10:39
59821b04-7884-4b42-987b-dfa966578b18,campania.dog,available,5.38,51.95,high,low,8,spaceship,,,30/09/2026 16:35
8991e853-cc1a-4752-bf0b-85291c67ff0b,mile.dog,available,50.2,50.2,high,low,4,cloudflare,,,28/09/2026 18:43
c49b2014-c2a6-4f0e-8aa5-770b6e20ffba,heather.dog,available,7.49,64.99,high,low,7,namesilo,,,28/09/2026 05:22
e7ea69a0-45ac-436d-896d-396e2b3646b9,controlling.dog,available,5.99,,high,low,11,name.com,,,
055a9519-3004-488d-aea8-c1228d25a89b,bijou.dog,available,7.49,64.99,high,low,5,namesilo,,,23/09/2026 15:32
29094a67-29ee-4f4c-8be9-cceb14a5aadc,tunnels.dog,available,7.49,64.99,low,low,7,namesilo,,,28/09/2026 12:41
49b0ab42-cb81-48ac-84f7-7bf0d1d4753a,pandora.dog,available,50.2,50.2,high,medium,7,cloudflare,,,30/09/2026 06:23
b87d8964-a68c-4a83-acf7-dc9e404b2b45,tenure.dog,available,50.2,50.2,high,low,6,cloudflare,,,29/09/2026 19:18
9911c4c2-a582-4476-933d-82047d402cb5,plumbers.dog,available,7.49,64.99,medium,low,8,namesilo,,,20/09/2026 11:13
4a3dd485-80bc-479a-9f46-604de69e52a4,worry.dog,available,3.6,52.01,high,low,5,porkbun,,,29/09/2026 22:21
c1a2ea69-c77c-4e8c-a682-13555740c20e,consolation.dog,available,7.49,64.99,high,low,11,namesilo,,,28/09/2026 22:58
f6ad28a7-5e93-4e1b-9a69-3ef80e7cdd82,bent.dog,available,5.98,86.98,medium,low,4,namecheap,,,09/08/2026 14:16
f4d7fac5-36bd-4f7a-adc4-a6734aa23337,energizer.dog,available,7.49,64.99,high,low,9,namesilo,,,19/09/2026 09:06
d72035ba-22b7-485b-9f00-80a0ec3486f4,triennial.dog,available,5.98,86.98,medium,low,9,namecheap,,,11/09/2026 19:31
f7d5166a-3ded-48e5-bd71-b1f2e0c9e2b2,robustness.dog,available,5.98,86.98,high,low,10,namecheap,,,29/09/2026 19:07
bc25e424-a6d1-4ce8-be95-8c2c5a840a22,pernicious.dog,available,5.98,86.98,medium,low,10,namecheap,,,08/08/2026 12:01
be881c47-8aca-437d-894f-82d40291656b,manager.dog,available,7.49,64.99,high,low,7,namesilo,,,24/09/2026 16:11
54716857-1dac-4f93-baa2-16a13782d787,hipaa.dog,available,5.99,,high,low,5,name.com,,,
0c7c8fb4-0ef5-48cf-9d35-67ce4eb035e7,forthwith.dog,available,5.98,86.98,medium,low,9,namecheap,,,10/09/2026 21:39
bf4cac85-360d-4c98-9a1a-baf0a02265fe,handkerchief.dog,available,7.49,64.99,high,low,12,namesilo,,,30/09/2026 06:03
baa65f8d-4470-4df6-b297-0d7e245d60ff,scrimmage.dog,available,7.49,64.99,high,low,9,namesilo,,,22/09/2026 16:24
7f69c40a-361d-4841-9444-1ab3f045eaed,darryl.dog,available,3.5,53.72,medium,low,6,dynadot,,,28/09/2026 21:59
9b794a7e-3b33-494a-9e0a-41b33549b2ea,playback.dog,available,7.49,64.99,high,low,8,namesilo,,,29/09/2026 13:42
8a190082-a2ca-458a-b987-4a4e77b8293f,incubation.dog,available,5.98,86.98,high,low,10,namecheap,,,11/08/2026 06:10
877006df-b1de-4c89-bfc9-339f5da393c2,samurai.dog,available,5.98,86.98,high,low,7,namecheap,,,29/09/2026 20:16
34aa9960-8735-4e87-971d-ef9ca2d9bc6e,validity.dog,available,5.98,86.98,high,low,8,namecheap,,,30/09/2026 17:33
918b5d84-188f-4649-a1b3-f5470ee5c2d3,barque.dog,available,5.98,86.98,high,low,6,namecheap,,,22/09/2026 07:48
8ee9a22a-4b7d-42c1-b7d1-d72df2c7cb15,acetone.dog,available,7.49,64.99,high,low,7,namesilo,,,17/09/2026 00:07
4abe6b9c-77e8-4c25-9c7e-13450f797215,poured.dog,available,7.49,64.99,medium,low,6,namesilo,,,18/09/2026 02:28
65fd3661-acee-4918-85f1-82de47e9071c,upmost.dog,available,5.98,86.98,medium,low,6,namecheap,,,11/09/2026 17:50
b082e3ff-4229-498c-9abe-81303772f7f7,likeness.dog,available,7.49,64.99,high,low,8,namesilo,,,18/09/2026 07:48
98f523ab-d56c-437e-80f2-abd1e34a1f90,slopes.dog,available,7.49,64.99,medium,low,6,namesilo,,,30/09/2026 07:04
3f364cab-594b-4b77-89ab-9b69285bc32b,lump.dog,available,5.98,86.98,medium,low,4,namecheap,,,29/09/2026 00:25
880a7cb6-4ee3-4d4f-8584-1bb15df6731a,numbing.dog,available,5.98,86.98,medium,low,7,namecheap,,,03/09/2026 22:49
80bbe794-097b-486b-a442-afa6c643bfdf,seconded.dog,available,7.49,64.99,medium,low,8,namesilo,,,20/09/2026 15:37
d316a4bc-fa00-4aec-92f6-be3dba6c9a9f,unshackled.dog,available,5.98,86.98,medium,low,10,namecheap,,,12/09/2026 04:58
c69a8953-a4f6-4759-8d6f-add85fe226b5,bevy.dog,available,7.49,64.99,medium,low,4,namesilo,,,23/09/2026 12:05
335476a1-8dbc-46f1-9fbd-255e1330d78b,thanksgiving.dog,available,7.49,64.99,high,low,12,namesilo,,,16/09/2026 10:18
2f00f8e5-652a-4804-8686-519fece360de,ghosh.dog,available,3.6,52.01,medium,low,5,porkbun,,,29/09/2026 15:46
1191f1e8-132d-4e5d-a330-1e8b260db01f,radioactivity.dog,available,5.99,,medium,low,13,name.com,,,
ad0e024b-94d6-4ba3-b808-b07e7a6dfd8d,fsb.dog,available,5.38,51.95,high,low,3,spaceship,,,30/09/2026 17:18
8eee3b8d-2930-492a-9e3a-8c263df5cbb5,baccarat.dog,available,7.49,64.99,high,low,8,namesilo,,,21/09/2026 13:56
2deea8a0-1f8f-44d0-8137-f6310199a3af,postman.dog,available,50.2,50.2,high,low,7,cloudflare,,,01/10/2026 02:53
62cba2b2-8825-408c-bfb5-4d3d4859174d,infirm.dog,available,5.99,83.99,high,low,6,name.com,,,13/08/2026 20:32
674f8ca0-4a7e-45ad-9e6e-e58e59be6b0e,screwdriver.dog,available,7.49,64.99,high,low,11,namesilo,,,01/10/2026 04:34
856ed823-39a3-4693-8791-37a06f4a4e5c,ringtail.dog,available,5.98,86.98,medium,low,8,namecheap,,,22/09/2026 12:08
487c5d6c-4392-406f-b97f-a5411c11d169,edgeways.dog,available,5.98,86.98,medium,low,8,namecheap,,,14/09/2026 15:04
f868a523-ce72-498c-ac80-eb5c7847dee9,paralytic.dog,available,5.98,86.98,medium,low,9,namecheap,,,08/09/2026 00:57
cb4b40d3-9721-4afd-b9bb-67e6402baf25,unexampled.dog,available,5.98,86.98,medium,low,10,namecheap,,,12/09/2026 09:24
061906c3-f1bf-4652-80b4-bf57c04496ae,annum.dog,available,7.49,64.99,high,low,5,namesilo,,,19/09/2026 11:04
b023c487-222c-48aa-901d-71919a8979bf,shandong.dog,available,3.6,52.01,medium,low,8,porkbun,,,29/09/2026 03:52
3a2b27d8-aea8-49e1-a84a-1ab5c66801d2,wilberforce.dog,available,7.49,64.99,medium,low,11,namesilo,,,30/09/2026 05:04
a55c9fb4-0169-478a-8243-85a56c6553d2,studded.dog,available,5.98,86.98,medium,low,7,namecheap,,,10/09/2026 22:57
8265b1e0-7300-46fa-91d1-e99e301cceb8,seriously.dog,available,7.49,64.99,medium,low,9,namesilo,,,28/09/2026 13:17
3dac6b25-c9fe-4698-bc93-0994807ada6f,hoa.dog,available,3.6,52.01,high,low,3,porkbun,,,30/09/2026 12:27
f35aa54a-1ec7-477b-b285-94208eb7238e,bohr.dog,available,50.2,50.2,medium,low,4,cloudflare,,,29/09/2026 18:01
3a470ddc-1795-4afa-ad9c-afe802c0f484,toned.dog,available,5.98,86.98,high,low,5,namecheap,,,11/09/2026 17:02
f6a37ddd-23ff-45e1-af21-90cc93441f59,gesture.dog,available,7.49,64.99,high,low,7,namesilo,,,27/09/2026 13:44
20e68ca3-416b-47ed-8512-15cf0edb66c4,traveler.dog,available,5.38,51.95,high,low,8,spaceship,,,30/09/2026 13:52
2a530ff8-6489-4ac0-888d-fbb69c2299a1,jewels.dog,available,5.98,86.98,high,low,6,namecheap,,,18/09/2026 06:31
814a5aa0-a789-41e8-93fe-e10c86617268,osama.dog,available,5.98,86.98,medium,low,5,namecheap,,,29/09/2026 22:16
d0dfb89e-b2bd-4d12-a4b1-f2662d210be4,myer.dog,available,7.49,64.99,medium,low,4,namesilo,,,29/09/2026 22:41
6efd5803-488e-4ade-ad01-97f03d80bbcf,conifer.dog,available,5.38,51.95,high,low,7,spaceship,,,01/10/2026 01:33
868507fc-ee77-4c98-a232-afd3c29e3bb4,swagman.dog,available,5.98,86.98,medium,low,7,namecheap,,,11/09/2026 05:01
b868c8e6-d88b-4edc-80d0-50333d0f798f,unmeasured.dog,available,5.98,86.98,medium,low,10,namecheap,,,21/08/2026 20:53
e90ac229-58bf-43b6-ba91-d8194b6aad84,collaborate.dog,available,5.38,51.95,high,low,11,spaceship,,,29/09/2026 20:56
1b59eba7-9338-4989-910b-6c6f2fef998e,downfall.dog,available,7.49,64.99,medium,low,8,namesilo,,,24/09/2026 23:39
319d2b3b-10e9-414b-a53a-8514f9ff0fc9,idf.dog,available,5.38,51.95,medium,low,3,spaceship,,,28/09/2026 14:30
ec5d5e06-26d4-4c5f-a3e5-278f25d011f3,unfrozen.dog,available,5.98,86.98,medium,low,8,namecheap,,,12/09/2026 10:54
3feb241a-66d0-482f-aa68-ebc2c5c321ec,stooping.dog,available,5.98,86.98,medium,low,8,namecheap,,,21/08/2026 15:34
a8bc82d0-6c12-4701-ac2c-49b11de6fdc3,seraphical.dog,available,5.98,86.98,medium,low,10,namecheap,,,10/09/2026 04:31
855a1123-c002-4058-8021-2fd8020a33f8,ige.dog,available,7.49,64.99,medium,low,3,namesilo,,,01/10/2026 02:40
bdce1fc9-ec69-4f2b-860e-86e2e8b1fe22,futures.dog,available,3.6,52.01,high,low,7,porkbun,,,29/09/2026 16:09
83fa2977-72a8-4331-8e51-b4b48529ab12,creaseless.dog,available,5.98,86.98,medium,low,10,namecheap,,,13/08/2026 05:47
9defa7f0-10ac-4b54-b1e0-d3c55c26a1bd,joaquin.dog,available,7.49,64.99,medium,low,7,namesilo,,,25/09/2026 16:17
473a9467-0336-4a0e-a8f5-9f789108442b,pernambuco.dog,available,5.38,51.95,high,low,10,spaceship,,,30/09/2026 10:51
30156f7f-e6fb-41c8-948b-7f72464b078f,ephemeral.dog,available,5.98,86.98,high,low,9,namecheap,,,17/08/2026 10:17
36019596-abc3-4373-9711-01a2cf5e265b,bindery.dog,available,7.49,64.99,high,low,7,namesilo,,,23/09/2026 17:11
785321ab-dd55-4769-af06-4877f66356ab,palaces.dog,available,5.98,86.98,medium,low,7,namecheap,,,30/09/2026 23:50
f09c74a1-b550-40f3-97dc-7728f8aa53b9,intersection.dog,available,3.5,53.72,high,low,12,dynadot,,,30/09/2026 23:46
4d61fba5-ae7d-4108-bbe8-5fa5c9f3bbf4,yogic.dog,available,5.98,86.98,medium,low,5,namecheap,,,13/09/2026 14:41
dbea38e4-89d9-49c0-b1ed-484ab228105c,endangered.dog,available,5.98,86.98,high,low,10,namecheap,,,17/08/2026 00:51
96c39a2f-4369-423a-83e4-43672efb2cfa,nightingale.dog,available,7.49,64.99,high,low,11,namesilo,,,30/09/2026 03:17
afd6b2e3-daff-4ae2-849a-5791a62ea741,conjoin.dog,available,5.98,86.98,high,low,7,namecheap,,,13/09/2026 09:37
29114ff1-6a47-40cb-8423-cc385ac9e41d,backdrop.dog,available,7.49,64.99,high,low,8,namesilo,,,21/09/2026 15:21
aca7242c-3398-4b33-a7ca-7602a06106b5,haughty.dog,available,5.98,86.98,medium,low,7,namecheap,,,21/08/2026 01:24
596fe6ae-2c4b-47dd-ad38-3760eb2b1211,superiors.dog,available,7.49,64.99,medium,low,9,namesilo,,,29/09/2026 05:50
18dee32f-d821-493e-aa51-ed8be6e0e386,hoarfrost.dog,available,5.98,86.98,medium,low,9,namecheap,,,21/08/2026 10:07
3cb5e16c-6bfa-4dde-8caf-24ee7fd9a7a4,bundle.dog,available,5.38,51.95,high,low,6,spaceship,,,29/09/2026 02:36
18f479bb-a581-4ce7-bece-88bb632cc839,randolph.dog,available,7.49,64.99,high,low,8,namesilo,,,25/09/2026 14:59
6e0c7555-0229-4f99-9a9c-2623c5152f76,fictive.dog,available,5.98,86.98,medium,low,7,namecheap,,,07/08/2026 07:55
769b777d-4350-457c-a743-608851d83c1d,california.dog,premium,260,260,high,medium,10,namecheap,,,29/09/2026 05:55
a32bce03-acfb-43ed-aed5-44e48f2b0127,restless.dog,available,5.98,86.98,high,low,8,namecheap,,,27/09/2026 12:53
5495ab54-d3b0-45fa-a11b-574e58a62053,acardia.dog,available,5.98,86.98,medium,low,7,namecheap,,,16/09/2026 21:17
f0bfe485-0412-42b1-aab0-71e50c390cbe,jazzy.dog,available,5.98,86.98,high,low,5,namecheap,,,22/08/2026 12:35
a9c7ac13-90ef-420e-8e0e-ac6a4c255ddb,celebrated.dog,available,5.98,86.98,high,low,10,namecheap,,,11/08/2026 23:10
06fe3ac0-f48d-4578-9325-6d9651370393,diane.dog,available,5.98,86.98,high,low,5,namecheap,,,25/09/2026 19:09
57f3a5ed-2616-4bab-a389-378993fb66e2,dishonor.dog,available,5.38,51.95,medium,low,8,spaceship,,,29/09/2026 15:45
13dd1062-7975-4501-b633-1562da8357da,banter.dog,available,7.49,64.99,high,low,6,namesilo,,,28/09/2026 07:57
4163ab2e-e48b-4238-8a8e-aac3c245d68a,indorse.dog,available,5.98,86.98,medium,low,7,namecheap,,,08/08/2026 05:17
18d23954-74f2-4533-9812-5d46719b13ac,astatine.dog,available,7.49,64.99,medium,low,8,namesilo,,,20/09/2026 16:55
dd6090c8-15c6-44ca-b25a-61579b1c279d,avaritia.dog,available,7.49,64.99,medium,low,8,namesilo,,,21/09/2026 08:46
292b9fbd-b1fa-4ddb-8358-789ce7438143,diarrhea.dog,available,5.38,51.95,medium,low,8,spaceship,,,29/09/2026 18:38
713ab3e1-cc2d-4793-906f-f951ec5bbe6e,contestants.dog,available,5.38,51.95,medium,low,11,spaceship,,,29/09/2026 11:30
c6104ec1-ad54-4e85-a1ec-61be130680c4,asper.dog,available,5.99,83.99,medium,low,5,name.com,,,20/09/2026 14:47
a6f63e67-b18e-4894-965c-48477a2fe8b6,loyola.dog,available,5.98,86.98,medium,low,6,namecheap,,,25/09/2026 07:44
701a87ed-0592-4f30-afa5-6dcc10653659,atresia.dog,available,7.49,64.99,medium,low,7,namesilo,,,21/09/2026 00:42
a6de0d59-9553-4b80-97ed-a4ac7b21acc2,eusebius.dog,available,5.38,51.95,medium,low,8,spaceship,,,29/09/2026 06:49
c9782b47-0b85-4070-955f-a719387f9581,dour.dog,available,5.98,86.98,medium,low,4,namecheap,,,14/08/2026 14:56
0adee0a1-3aca-4189-bf68-5ec974d2ed07,hemorrhage.dog,available,7.49,64.99,medium,low,10,namesilo,,,24/09/2026 05:28
df97cfba-82b2-4088-a3ea-5b7a4116820f,mme.dog,available,7.49,64.99,high,low,3,namesilo,,,29/09/2026 03:05
92f412ee-0287-4cda-bb46-0a6bf1f8eafa,miss.dog,premium,26,26,high,low,4,namecheap,,,27/09/2026 03:56
3bb7c8cb-566d-4cb0-a0dc-b0e9cb3ada67,prophet.dog,available,5.98,86.98,high,low,7,namecheap,,,28/09/2026 02:52
c63cf2dc-ea07-448c-853b-5e0264eca991,plosive.dog,available,5.98,86.98,medium,low,7,namecheap,,,04/09/2026 00:16
010a62e9-90ab-4902-bd28-1aaa1049425b,atropa.dog,available,7.49,64.99,medium,low,6,namesilo,,,21/09/2026 00:54
746d9149-b039-411c-91f1-489e610cf590,tenacious.dog,available,7.49,64.99,high,low,9,namesilo,,,19/09/2026 16:19
3e00f51a-22b7-4f21-949a-f3b328c8f7bb,regeneration.dog,available,5.38,51.95,high,low,12,spaceship,,,29/09/2026 22:53
ff6a46ab-67ff-4a42-9bed-e09ea0066393,decorated.dog,available,7.49,64.99,high,low,9,namesilo,,,21/09/2026 19:45
755b5b82-dac8-4aa0-8777-82e0d43ca35c,billiard.dog,available,5.98,86.98,high,low,8,namecheap,,,09/08/2026 21:25
2de61d68-fbc3-4d52-a124-ed9014983041,alocasia.dog,available,7.49,64.99,medium,low,8,namesilo,,,18/09/2026 12:56
55e0d41b-6f08-4579-9036-d11803c5631c,mansfield.dog,available,5.98,86.98,medium,low,9,namecheap,,,25/09/2026 08:08
f0349d89-73c1-4855-a1c5-161ab5a37c08,bale.dog,available,7.49,64.99,medium,low,4,namesilo,,,21/09/2026 21:49
8f7581aa-bc59-49dd-9458-09a33eee233f,venomous.dog,available,5.98,86.98,medium,low,8,namecheap,,,13/09/2026 02:08
76973e2c-cdfc-4ef7-a0d0-3e64929bca8e,exists.dog,available,7.49,64.99,medium,low,6,namesilo,,,27/09/2026 02:40
038d5993-6366-4570-93c9-68d3eb1f709b,agio.dog,available,5.98,86.98,medium,low,4,namecheap,,,17/09/2026 18:01
e42bc659-513c-48fb-a985-87b3930e1a18,launches.dog,available,7.49,64.99,medium,low,8,namesilo,,,21/09/2026 09:09
847c7af3-2fba-4979-9f91-0035fabc6042,annexa.dog,available,5.98,86.98,medium,low,6,namecheap,,,17/09/2026 09:06
9e29ae1f-94c1-4f10-90cf-2b663747a4e8,ana.dog,available,50.2,50.2,high,low,3,cloudflare,,,28/09/2026 21:04
d9be5252-2603-4101-9e17-bed36d3fbd85,switches.dog,available,7.49,64.99,medium,low,8,namesilo,,,16/09/2026 23:57
b35f5723-5f8b-40d8-b95f-4b00dc336ed6,pharaoh.dog,available,5.38,51.95,high,low,7,spaceship,,,30/09/2026 10:51
c960c612-ad6e-4db7-9536-90bc61ca7620,iceberg.dog,available,7.49,64.99,high,low,7,namesilo,,,23/09/2026 09:15
bcae1ca2-058a-4e33-8089-3a4c435c8639,christianity.dog,available,50.2,50.2,high,low,12,cloudflare,,,29/09/2026 15:11
3d0ddc2f-9b8c-45d3-9062-47ef61dc850c,sherwood.dog,available,7.49,64.99,high,low,8,namesilo,,,25/09/2026 10:26
515564ff-95f6-46fa-b396-b05ff630fad5,avoid.dog,available,5.98,86.98,high,low,5,namecheap,,,13/09/2026 06:44
d5bcfe84-fd57-4c18-a3d9-8353baa00b5e,slur.dog,available,7.49,64.99,medium,low,4,namesilo,,,20/09/2026 14:59
acc81647-ed13-4893-b05b-c568e20ba74d,thousandth.dog,available,5.98,86.98,high,low,10,namecheap,,,
9ecc84bd-862d-458c-a5d7-d94fd0482326,ferned.dog,available,5.98,86.98,medium,low,6,namecheap,,,18/08/2026 01:58
8e7aa5d7-666f-49e4-9a08-1c4fa7af83ed,contiguity.dog,available,7.49,64.99,medium,low,10,namesilo,,,17/09/2026 08:24
57c86737-7251-4f44-94c6-ee1c7e866de5,repairs.dog,available,5.38,51.95,medium,low,7,spaceship,,,28/09/2026 18:11
7d8aeb76-7dfd-437d-a631-afaf97b98e63,restrained.dog,available,5.98,86.98,medium,low,10,namecheap,,,20/08/2026 20:43
1618794d-8e6a-40ee-95ec-d591ac035605,brooks.dog,available,7.49,64.99,high,low,6,namesilo,,,24/09/2026 10:47
4072c7f2-9989-46e2-8a0f-934cd583b329,viviparous.dog,available,5.98,86.98,medium,low,10,namecheap,,,24/08/2026 07:53
5e3820d8-2134-415b-98f0-b776b9a9cd52,databases.dog,available,7.49,64.99,medium,low,9,namesilo,,,30/09/2026 15:32
19c9b6f3-1ce1-4111-b15a-c0e9c3b6623c,permanently.dog,available,5.38,51.95,medium,low,11,spaceship,,,28/09/2026 07:19
a4ece1e2-16e1-4e91-9524-1ec01eb3e9ba,blowhard.dog,available,5.98,86.98,medium,low,8,namecheap,,,11/08/2026 01:19
2c92eef8-a035-4ed0-88ec-15a09338b9b7,dependence.dog,available,7.49,64.99,medium,low,10,namesilo,,,17/09/2026 06:54
6b68ebed-f8ee-4fac-aadd-0e8e18ba6642,imports.dog,available,50.2,50.2,low,low,7,cloudflare,,,01/10/2026 00:34
b80c22e6-f8b7-49b8-a901-b9902e3e96c2,delight.dog,available,3.6,52.01,high,low,7,porkbun,,,28/09/2026 16:32
f43ee553-b95d-490a-9cdd-751841fe093b,patched.dog,available,5.98,86.98,medium,low,7,namecheap,,,08/09/2026 10:18
5fc34b27-8663-4e12-bd32-50f5d5d9e292,canton.dog,available,7.49,64.99,high,low,6,namesilo,,,23/09/2026 16:10
cb48b0ed-7117-4734-b862-5665f65b4757,eatery.dog,available,5.38,51.95,high,low,6,spaceship,,,01/10/2026 02:34
7e1207c9-d2d3-4cfe-b9e5-77f9e378084d,airways.dog,available,7.49,64.99,medium,low,7,namesilo,,,30/09/2026 16:15
24ad85d0-f663-4929-93a4-6912174905a3,dollar.dog,resell,,,high,low,6,"Sav.com, LLC - 48",21/11/2025 15:15,21/11/2026 15:15,29/09/2026 16:27
8b55db94-b2f7-45e7-a7fc-e326e04529ba,tentative.dog,available,7.49,64.99,high,low,9,namesilo,,,27/09/2026 07:00
0f854ae8-33de-4a9d-8a45-24da438ae892,ashtoreth.dog,available,7.49,64.99,medium,low,9,namesilo,,,20/09/2026 14:02
b7a15e77-518a-41e2-bea9-e28a3363594c,abiders.dog,available,7.49,64.99,medium,low,7,namesilo,,,18/09/2026 03:55
dc61ff80-9432-4e7b-9968-6008f515cc32,expressed.dog,available,5.98,86.98,high,low,9,namecheap,,,17/08/2026 18:26
adeb1a2a-ddd5-4297-9ea0-dd071604872b,gustative.dog,available,5.98,86.98,medium,low,9,namecheap,,,20/08/2026 21:08
0c8e47de-83a2-4010-9871-6fe9bbb92c1d,gull.dog,available,5.98,86.98,high,low,4,namecheap,,,12/08/2026 15:08
0d26a096-63d4-4944-9edf-182d4be86219,consistent.dog,available,5.98,86.98,high,low,10,namecheap,,,12/08/2026 16:01
3668d355-4c02-4e18-896f-5548ddfabfdf,throws.dog,available,7.49,64.99,medium,low,6,namesilo,,,19/09/2026 00:51
5f6d207b-26e1-48f6-80b9-6470d33c8b52,viable.dog,available,5.98,86.98,high,low,6,namecheap,,,17/08/2026 16:52
648c452c-aa67-4037-adaf-93f087d3ab92,meteoric.dog,available,5.98,86.98,high,low,8,namecheap,,,24/08/2026 21:53
f257bcb4-ec6b-4acb-8ac2-5836d1e4ca92,typhoon.dog,available,5.38,51.95,high,low,7,spaceship,,,29/09/2026 14:05
38acc08c-f3a9-454c-ab88-1d03315bf90d,bottles.dog,available,7.49,64.99,medium,low,7,namesilo,,,18/09/2026 04:05
ad0e9dad-fde0-4a65-81c4-db08012409c4,soundbar.dog,available,5.99,,high,low,8,name.com,,,
9595b064-b710-4cda-ba15-0c42228ee4b5,temples.dog,available,7.49,64.99,medium,low,7,namesilo,,,29/09/2026 15:51
496f4edd-d484-46dc-8588-88f6749647ed,tang.dog,available,7.49,64.99,high,low,4,namesilo,,,24/09/2026 01:32
eb0846f2-a10f-4a5a-a904-cdbd620e1ab4,alumna.dog,available,5.98,86.98,high,low,6,namecheap,,,20/08/2026 17:44
28ae8cfc-8f31-4a57-a78a-e2f27acd0918,onomastic.dog,available,5.98,86.98,medium,low,9,namecheap,,,04/09/2026 15:15
1e6e39c6-b8c0-427e-b271-48cfd208cb4b,dickson.dog,available,7.49,64.99,high,low,7,namesilo,,,25/09/2026 15:42
74611fde-742c-4c9b-a43a-b0af11b630aa,campground.dog,available,7.49,64.99,high,low,10,namesilo,,,24/09/2026 11:56
7e46b44f-73db-46fd-9959-cc2a8bc40819,protector.dog,available,5.98,86.98,high,low,9,namecheap,,,28/09/2026 13:52
f07f5466-caee-4fe0-af36-181d1ec6d336,manipulating.dog,available,3.5,53.72,medium,low,12,dynadot,,,30/09/2026 14:55
11e48900-3a16-4898-8505-1181ec684585,aztec.dog,available,7.49,64.99,high,low,5,namesilo,,,21/09/2026 11:36
7877fcf6-9a9f-410b-b552-0c5df10e0a09,danzig.dog,available,7.49,64.99,medium,low,6,namesilo,,,28/09/2026 09:29
e73ad656-59c1-4117-a18d-1b28c5397570,urge.dog,available,5.98,86.98,high,low,4,namecheap,,,28/09/2026 19:09
25f9bd11-d4d4-4072-a4e5-a898005877e2,raffish.dog,available,5.99,83.99,medium,low,7,name.com,,,13/08/2026 17:31
eadfeb46-0c75-4693-9510-53f1de0ba0f7,bonds.dog,available,7.49,64.99,high,low,5,namesilo,,,28/09/2026 04:31
53f33904-b1c6-4a01-938d-a105a7380f04,contents.dog,available,5.38,51.95,high,low,8,spaceship,,,29/09/2026 11:23
8b741da0-65a9-4a39-a784-04728a9e34be,doll.dog,available,7.49,64.99,high,low,4,namesilo,,,25/09/2026 04:37
29d0047c-5298-4d3a-9a43-edc8864d7198,prompting.dog,available,7.49,64.99,high,low,9,namesilo,,,27/09/2026 07:31
e077b09f-1e57-44bd-9125-df3521397ce3,bend.dog,available,7.49,64.99,high,low,4,namesilo,,,23/09/2026 07:40
31a5c98e-7f2c-4bac-ac50-5339d173ac30,willful.dog,available,5.98,86.98,medium,low,7,namecheap,,,18/08/2026 16:37
f6fd3fff-6ef6-4d2c-9cb5-cbdebe7f0436,hollows.dog,available,7.49,64.99,low,low,7,namesilo,,,20/09/2026 18:42
cc42ee5f-cace-469b-b44f-3076d453111c,diacritic.dog,available,5.98,86.98,medium,low,9,namecheap,,,14/08/2026 05:43
248de2b4-9f4c-42f2-a778-624a2586abb0,sanction.dog,available,5.98,86.98,high,low,8,namecheap,,,03/09/2026 23:24
926cfedd-a641-43dc-882d-29e0a84b8fc2,vagal.dog,available,5.98,86.98,medium,low,5,namecheap,,,08/09/2026 22:07
ce04d6a7-484a-4621-8c66-4a0db890a4f4,gina.dog,available,5.38,51.95,high,low,4,spaceship,,,27/09/2026 17:32
09765f5c-4603-49ef-8372-443c0843dad8,strips.dog,available,7.49,64.99,medium,low,6,namesilo,,,20/09/2026 02:09
d1f050d9-3d09-4df5-8fa7-52ca0fe17779,marshy.dog,available,5.98,86.98,medium,low,6,namecheap,,,10/08/2026 17:03
dc9ed82b-5ce8-43e2-ac77-f0d5ba884bac,costing.dog,available,5.38,51.95,high,low,7,spaceship,,,29/09/2026 18:29
c938452b-c2bc-4966-8808-1a1be2302ffd,utility.dog,available,7.49,64.99,high,low,7,namesilo,,,19/09/2026 06:04
f0375a03-8d28-4caf-ba83-35f13a33afd1,berne.dog,available,5.98,86.98,medium,low,5,namecheap,,,23/09/2026 09:45
0f64dd7d-b6bb-4e5a-a3a1-c311013b639d,cultivate.dog,available,50.2,50.2,high,low,9,cloudflare,,,29/09/2026 14:11
4a0f0738-5c75-4d71-b7c3-c3db2fb8f6d5,whitney.dog,available,7.49,64.99,medium,low,7,namesilo,,,28/09/2026 13:59
b834e105-a008-4bd4-891b-1caf34c6548e,youngsters.dog,available,5.38,51.95,high,low,10,spaceship,,,30/09/2026 07:43
9775846e-afe9-49d6-8902-cf99686d99ed,whiskered.dog,available,5.98,86.98,medium,low,9,namecheap,,,08/08/2026 16:15
74311849-b67b-4e55-9fb6-20cf07273d0f,wearing.dog,available,5.98,86.98,medium,low,7,namecheap,,,11/09/2026 16:26
cab21703-412a-4145-b07a-666f7050cd13,basal.dog,available,5.98,86.98,medium,low,5,namecheap,,,08/08/2026 21:24
4a5f498d-23fb-49b2-812e-6cd6ef11b030,announcing.dog,available,50.2,50.2,medium,low,10,cloudflare,,,29/09/2026 05:34
d3a8b7a4-cb33-4e63-9290-734c1d7f69c3,wade.dog,available,5.38,51.95,high,low,4,spaceship,,,28/09/2026 06:51
aea2febf-7806-42e2-9f94-20f8a97c1eb4,aconitum.dog,available,7.49,64.99,medium,low,8,namesilo,,,17/09/2026 02:06
e3f384ad-54eb-4fa2-823e-466e0d8cf7e8,rebecca.dog,available,7.49,64.99,high,low,7,namesilo,,,25/09/2026 10:16
6a1da00e-03d5-4812-8497-432b010fdac4,afflatus.dog,available,7.49,64.99,medium,low,8,namesilo,,,17/09/2026 14:39
f128cded-763b-4111-85a8-f7b9f010e16a,consolidate.dog,available,5.38,51.95,high,low,11,spaceship,,,01/10/2026 04:56
5381766d-3b82-4565-a9c5-774d265532f1,rae.dog,available,5.98,86.98,medium,low,3,namecheap,,,27/09/2026 01:43
76da8bb7-4e95-412f-afa5-7bdcbea322f2,cooley.dog,available,5.38,51.95,medium,low,6,spaceship,,,30/09/2026 20:21
ad7fd51f-c12a-4fb5-b345-88cbec7cdf62,undreamed.dog,available,5.98,86.98,medium,low,9,namecheap,,,12/09/2026 08:22
b612f7ff-be8a-4186-a701-065409ef5b28,allahabad.dog,available,5.38,51.95,medium,low,9,spaceship,,,30/09/2026 05:15
eddf1452-fe36-4f0d-a4cd-bae9cb61ddd4,rubinstein.dog,available,7.49,64.99,medium,low,10,namesilo,,,19/09/2026 15:30
6cfd7a67-ad1c-4886-a475-9cef44f60024,atavistic.dog,available,5.98,86.98,low,low,9,namecheap,,,07/08/2026 12:55
27f48910-a37e-4dd2-8360-97d8d07a6eac,comedian.dog,available,7.49,64.99,high,low,8,namesilo,,,23/09/2026 15:26
7ffd2d5e-7160-4194-a5f7-099b144731fe,stir.dog,available,7.49,64.99,high,low,4,namesilo,,,17/09/2026 09:23
aec2fec4-0287-4c47-b556-89fcd1be6164,apiarian.dog,available,5.98,86.98,medium,low,8,namecheap,,,05/08/2026 23:53
2f5e1835-3d4c-4ffe-a4cb-dfbfd3c8d92f,oops.dog,available,50.2,50.2,high,low,4,cloudflare,,,01/10/2026 04:35
3e3294b0-e51e-4f62-aba1-6fa11e111431,ironic.dog,available,5.98,86.98,high,low,6,namecheap,,,25/09/2026 11:21
968a7f09-49ee-4cb0-9ea1-8c925da945cd,sustain.dog,available,3.5,53.72,high,low,7,dynadot,,,29/09/2026 02:41
4c53abe2-1636-43e3-818c-2ffb1c53228c,inhabitant.dog,available,5.99,83.99,high,low,10,name.com,,,24/09/2026 21:51
c930ed0f-d6f0-4147-9ab4-6ebc33d88a7f,backslash.dog,available,9.99,111.99,high,low,9,godaddy,,,01/10/2026 00:11
39d832d6-3239-42ec-836f-fe7bf0481fb8,roundness.dog,available,5.98,86.98,medium,low,9,namecheap,,,16/08/2026 12:39
bd187da8-7a34-4f68-8151-aa55d3b40c06,mohammed.dog,available,50.2,50.2,high,low,8,cloudflare,,,30/09/2026 17:57
a49b4f68-4247-4a8b-86e5-29a020afacf2,umbilicus.dog,available,5.98,86.98,medium,low,9,namecheap,,,23/09/2026 06:37
8daf6dda-04ed-422b-9a8e-6fe0feffaa33,bala.dog,available,5.38,51.95,medium,low,4,spaceship,,,28/09/2026 22:20
0c00aae2-ffcb-4a27-9c85-a5cec724e353,pronounced.dog,available,7.49,64.99,high,low,10,namesilo,,,25/09/2026 16:53
330a5afc-4e7f-4443-a2c7-fab7921d153e,shu.dog,available,5.38,51.95,medium,low,3,spaceship,,,27/09/2026 21:11
f8bb9ff7-4cfc-4fd7-b231-27d03551a724,asymmetric.dog,available,5.98,86.98,medium,low,10,namecheap,,,07/08/2026 10:25
2fc5924d-d409-450d-9dd3-938eeff86fb3,lung.dog,available,5.38,51.95,high,low,4,spaceship,,,27/09/2026 14:50
816a5e49-c230-4c8b-924b-404d36d0119e,argument.dog,available,7.49,64.99,high,low,8,namesilo,,,20/09/2026 04:49
4cbb31df-4199-4bf0-9a24-1e655aaa0795,hone.dog,available,5.98,86.98,high,low,4,namecheap,,,08/09/2026 16:29
b567e1bd-1ceb-4d87-afbd-6f8de41738ad,handling.dog,available,7.49,64.99,high,low,8,namesilo,,,25/09/2026 23:04
496bf2e8-3561-4a68-a3e9-2c84b4f57291,larger.dog,available,5.98,86.98,high,low,6,namecheap,,,22/09/2026 20:38
95acb739-0063-40c0-9f50-b0e0435d3455,upload.dog,available,3.6,52.01,high,low,6,porkbun,,,01/10/2026 04:31
96ed76a1-7e4a-4724-bf94-6f1d8a48632b,meagre.dog,available,5.98,86.98,medium,low,6,namecheap,,,24/08/2026 18:04
9e180075-de7b-4df3-8772-b1d3d326e895,clowns.dog,available,3.5,53.72,medium,low,6,dynadot,,,30/09/2026 07:41
d090c144-7eda-4a67-86d4-14a9bc21c15e,squandered.dog,available,5.98,86.98,medium,low,10,namecheap,,,10/09/2026 17:24
14cea7b5-caf5-41d8-91e8-8e7092c0d43f,margot.dog,available,5.98,86.98,high,low,6,namecheap,,,28/09/2026 21:14
67dd4838-0297-4bf8-8a60-bc3f7f93d7bc,infertile.dog,available,5.98,86.98,medium,low,9,namecheap,,,22/08/2026 04:24
714a5bf3-788a-4fad-8c03-1b647f84fd7e,measurement.dog,available,50.2,50.2,high,low,11,cloudflare,,,28/09/2026 05:47
984f792d-a32b-43e3-a88b-c1c0adcdbfc5,carol.dog,available,7.49,64.99,high,low,5,namesilo,,,24/09/2026 13:02
c63b77ae-68df-4cbc-a5e5-d38d111b8acb,watchfully.dog,available,7.49,64.99,medium,low,10,namesilo,,,16/09/2026 10:58
068cc322-305c-4ce8-8dd7-005c1d1679ea,attending.dog,available,7.49,64.99,high,low,9,namesilo,,,21/09/2026 01:25
d4948785-42d8-43c7-b22b-d31d39cc4962,unstarred.dog,available,5.98,86.98,medium,low,9,namecheap,,,12/09/2026 01:15
32f4fa79-e54c-4742-97e9-03847998d290,useful.dog,available,5.38,51.95,high,low,6,spaceship,,,28/09/2026 10:01
019733d9-e3e4-408e-a87d-9af158fcbdc8,accelerator.dog,available,3.6,52.01,high,low,11,porkbun,,,28/09/2026 02:37
5fd6aec1-ba39-4e3c-8803-e15d5347ede9,nonpolar.dog,available,5.98,86.98,medium,low,8,namecheap,,,03/09/2026 20:17
eb29b678-6013-43cd-82cb-c11b96218671,adventurous.dog,available,5.38,51.95,high,low,11,spaceship,,,29/09/2026 14:20
ee484d8c-28e8-4f01-b5a4-2f3147a87081,profitably.dog,available,5.98,86.98,medium,low,10,namecheap,,,14/09/2026 20:29
2b92e5c8-7493-4ba8-bdaa-4068f79bcdfa,barterer.dog,available,7.49,64.99,medium,low,8,namesilo,,,22/09/2026 08:58
9c1c341c-be71-4ca3-b935-3f25483c32c4,sinusoidal.dog,available,5.98,86.98,high,low,10,namecheap,,,10/09/2026 08:42
f4b5bb00-24f7-47c1-86f2-06dbd4f2d0c7,terminators.dog,available,7.49,64.99,low,low,11,namesilo,,,20/09/2026 12:06
d4e0e7e3-4b49-4cbb-9b58-2a0677276ab2,faceted.dog,available,5.98,86.98,medium,low,7,namecheap,,,17/08/2026 20:24
efa35a69-e116-4c1e-9ed4-fa0406c25518,tennessee.dog,available,7.49,64.99,high,low,9,namesilo,,,28/09/2026 11:00
8f94adec-c8e8-42f8-8e7c-80c7f411fffe,punt.dog,available,5.98,86.98,high,low,4,namecheap,,,18/08/2026 19:54
df3d3cca-69c1-4280-a1a0-42f69ee131ac,notifies.dog,available,7.49,64.99,medium,low,8,namesilo,,,18/09/2026 08:35
fd7fe5eb-e3de-4f1e-92c8-968cdb9e4928,refused.dog,available,7.49,64.99,medium,low,7,namesilo,,,18/09/2026 13:40
41e13940-8400-4a4f-864d-20633d786691,bihari.dog,available,7.49,64.99,medium,low,6,namesilo,,,23/09/2026 15:31
a1537832-835e-48e1-b8c6-c1d04d2c45ee,anguis.dog,available,5.98,86.98,medium,low,6,namecheap,,,19/09/2026 07:34
38485c2d-4246-466f-aa9f-72d98340c927,rebels.dog,available,5.98,86.98,medium,low,6,namecheap,,,28/09/2026 08:52
793d30ac-94ac-46fb-8987-02feb9e66b03,chalybeate.dog,available,5.98,86.98,medium,low,10,namecheap,,,12/08/2026 01:32
51658d65-b18d-46ed-8652-23c791a2195c,davie.dog,available,5.38,51.95,high,low,5,spaceship,,,29/09/2026 22:14
e13fae83-7ac4-4f39-8779-f65819bcb26f,rails.dog,available,50.2,50.2,high,low,5,cloudflare,,,30/09/2026 02:39
8d4027cc-005d-4c90-96d5-ba8233628366,doctrinal.dog,available,5.98,86.98,medium,low,9,namecheap,,,14/08/2026 14:25
c7a7a460-789b-4019-8aed-00ced85874d7,beheading.dog,available,7.49,64.99,medium,low,9,namesilo,,,23/09/2026 03:20
4c46f027-e70a-47f1-bb7f-d4a005233c73,offending.dog,available,5.98,86.98,medium,low,9,namecheap,,,04/09/2026 01:28
316ca353-a5b1-468b-a619-82544107527c,hyundai.dog,available,3.5,53.72,high,low,7,dynadot,,,29/09/2026 09:13
6680c0fd-f535-4161-b2c1-f2be1287639c,oswald.dog,available,7.49,64.99,high,low,6,namesilo,,,25/09/2026 08:53
a689fbaf-979c-4cbe-9ff8-245ef1a733c0,morbid.dog,available,5.98,86.98,medium,low,6,namecheap,,,14/08/2026 10:10
e5353c21-28b9-4f4d-a471-46c9a498e526,crust.dog,available,7.49,64.99,high,low,5,namesilo,,,24/09/2026 14:05
35d0fc06-b66a-4faa-a1b3-750d4a36425b,nuclei.dog,available,5.98,86.98,medium,low,6,namecheap,,,
ca967dce-d933-4b7f-b33f-569c2260aa22,distraction.dog,available,7.49,64.99,medium,low,11,namesilo,,,28/09/2026 16:54
2db35793-fe64-49a2-9e1d-696289adebf4,moderato.dog,available,5.98,86.98,medium,low,8,namecheap,,,25/08/2026 02:58
15df2940-1001-4970-843e-35600c5550b2,diminutive.dog,available,5.98,86.98,medium,low,10,namecheap,,,08/08/2026 14:10
7d3c032c-a4f2-423b-92f9-32393f9d8822,popcorn.dog,available,5.38,51.95,high,medium,7,spaceship,,,28/09/2026 20:12
c9d8a6ec-e062-4cf2-b4fd-958ea7cfd017,endorse.dog,available,5.98,86.98,high,low,7,namecheap,,,08/09/2026 09:45
75e110bf-5dec-459c-a4fd-f9a556354396,calmness.dog,available,5.98,86.98,high,low,8,namecheap,,,11/08/2026 14:56
f696da03-d392-4a74-9dd1-b8fd2405e933,operations.dog,available,50.2,50.2,high,low,10,cloudflare,,,28/09/2026 08:17
05d0ac1f-686e-42b6-b4b2-53ce55208a98,nourishment.dog,available,50.2,50.2,high,low,11,cloudflare,,,30/09/2026 22:35
43f83ff3-6413-4042-ae9d-218fd0d4efe9,skipjack.dog,available,5.98,86.98,medium,low,8,namecheap,,,20/09/2026 21:35
cb27485f-cb1a-4217-aff6-2be1afd46911,claptrap.dog,available,7.49,64.99,medium,low,8,namesilo,,,24/09/2026 03:39
68733097-d5d5-488d-b920-c00d7d1eb4f9,ballyhoo.dog,available,7.49,64.99,high,low,8,namesilo,,,21/09/2026 23:32
54116d92-daf5-424b-840f-e09612028b2d,grounding.dog,available,5.38,51.95,high,low,9,spaceship,,,30/09/2026 17:05
9571cfc9-3448-472f-a797-148a1bcf1343,abidjan.dog,available,7.49,64.99,medium,low,7,namesilo,,,16/09/2026 15:38
82846f8d-5cfa-4fec-9f1e-3b1f9bbadfa3,noted.dog,available,5.98,86.98,high,low,5,namecheap,,,11/08/2026 23:17
ca6fd4a2-f43a-4b37-b2be-d715e44604df,bellbottom.dog,available,5.98,86.98,low,low,10,namecheap,,,09/08/2026 13:21
77e277d8-9972-499c-a9a9-3a02ac3fbf52,woodbine.dog,available,5.98,86.98,medium,low,8,namecheap,,,18/09/2026 20:11
31a4a3f9-cbac-4c62-ae6b-702d3993eaf9,badges.dog,available,5.98,86.98,medium,low,6,namecheap,,,29/09/2026 17:33
2c3986b5-14fe-4f4b-88c7-b0e9e31e5579,xviii.dog,available,7.49,64.99,medium,low,5,namesilo,,,21/09/2026 12:00
f2f6c9fd-2648-4a9e-9d00-984ac471a0bf,magically.dog,available,5.98,86.98,high,low,9,namecheap,,,13/09/2026 21:17
1712e647-52cd-4bb1-a9ca-99a3cd7d1d94,bratty.dog,available,5.98,86.98,medium,low,6,namecheap,,,11/08/2026 02:37
c1e968a2-15d6-455d-82bf-6b1e2ad7c741,quintet.dog,available,5.98,86.98,high,low,7,namecheap,,,
09268d08-fadd-42c9-bfcb-b90307c0a03b,cholesterol.dog,available,7.49,64.99,high,low,11,namesilo,,,29/09/2026 05:08
2b54c838-758d-4689-a072-5589ff06b22d,bomber.dog,available,5.38,51.95,medium,low,6,spaceship,,,28/09/2026 09:10
a2b60c96-b3a4-4b41-80d7-423fd87ac19e,blat.dog,available,5.98,86.98,medium,low,4,namecheap,,,10/08/2026 13:38
6398eb97-0f14-434e-8626-88e9a2e29359,biosphere.dog,available,5.99,83.99,high,low,9,name.com,,,23/09/2026 19:04
87869bdd-1748-42d8-8953-68a4c6162505,adjusting.dog,available,7.49,64.99,high,low,9,namesilo,,,29/09/2026 14:33
d68a0ca7-aa47-4a89-98be-1cf4830e5893,admissible.dog,available,5.98,86.98,high,low,10,namecheap,,,
e1e90e57-002c-45fd-87d3-017380d3445a,mothafucka.dog,available,5.99,,medium,low,10,name.com,,,
8ddeefe5-2c29-469b-94b1-e01a0bce294f,guessing.dog,available,50.2,50.2,high,low,8,cloudflare,,,28/09/2026 13:52
a539cec3-9e03-433c-9598-fb0a0ef20903,primo.dog,resell,,,high,low,5,"NameCheap, Inc.",13/05/2022 13:15,13/05/2027 13:15,26/09/2026 08:19
68e66062-8817-4a44-9c88-78965523ce76,paramount.dog,available,5.98,86.98,high,low,9,namecheap,,,04/09/2026 21:41
f5c13510-0917-46d1-a9ac-1977b5e502af,hester.dog,available,3.5,53.72,medium,low,6,dynadot,,,28/09/2026 03:59
ae9b0e96-d72e-47a6-9946-6032408b623a,guangzhou.dog,available,5.38,51.95,medium,low,9,spaceship,,,28/09/2026 13:37
1f133a0b-c3bd-4e8c-938f-202457dc5e74,djia.dog,available,5.99,,medium,low,4,name.com,,,
83674920-a7fb-4363-ba16-d98685411951,manhood.dog,available,50.2,50.2,high,low,7,cloudflare,,,29/09/2026 19:12
cf65e51f-bd3b-4adc-bbe4-984522290f32,hypaethral.dog,available,5.98,86.98,medium,low,10,namecheap,,,21/08/2026 16:39
6c96fe67-5437-4cb1-b339-8c2e18f3a5cf,erose.dog,available,5.98,86.98,medium,low,5,namecheap,,,17/08/2026 12:30
85b53c58-d5c4-4d06-98ce-35b30b64b9c9,leftist.dog,available,5.98,86.98,medium,low,7,namecheap,,,12/08/2026 17:05
4dcc284c-330a-4376-9738-665d46fcfe3d,maintains.dog,available,7.49,64.99,medium,low,9,namesilo,,,30/09/2026 07:23
ac0e50aa-d500-4771-ae56-7bcee8cd8d6f,gardening.dog,available,7.49,64.99,high,low,9,namesilo,,,28/09/2026 14:15
deb95ac9-dcd9-4648-942b-d86ee13ab60e,restructuring.dog,available,5.99,,medium,low,13,name.com,,,
e473f424-f432-4ad7-af6e-20ca084d919e,basra.dog,available,7.49,64.99,medium,low,5,namesilo,,,22/09/2026 10:33
85d36329-179a-415c-909c-6c222cb5192d,bedspread.dog,available,5.98,86.98,high,low,9,namecheap,,,22/09/2026 22:52
0e7d2b3c-8f56-485a-b871-63fe0fa113c3,mosses.dog,available,7.49,64.99,low,low,6,namesilo,,,29/09/2026 05:08
b7b6235b-c73a-42b8-96a3-141b70afd3af,sleeve.dog,available,5.38,51.95,high,low,6,spaceship,,,27/09/2026 15:53
3e2cb3b4-3849-4323-a6be-84d90dea70ca,financially.dog,available,50.2,50.2,medium,low,11,cloudflare,,,28/09/2026 12:33
a78848ca-ae27-4b9c-94bb-ef976039b1f5,commanders.dog,available,3.5,53.72,medium,low,10,dynadot,,,29/09/2026 17:02
cc4daff9-5926-4440-8293-f2846fa027e3,parted.dog,available,5.98,86.98,medium,low,6,namecheap,,,08/09/2026 01:57
9593fd6f-07d6-492c-b430-9a9fb8697239,sniper.dog,resell,,,medium,low,6,,,,28/09/2026 15:22
fab2275f-e0cf-4f59-89ba-2228204e2794,almsgiving.dog,available,7.49,64.99,medium,low,10,namesilo,,,18/09/2026 12:43
2c90dbbe-8260-4025-b256-f048330fa0bd,sleeps.dog,available,5.38,51.95,medium,low,6,spaceship,,,28/09/2026 13:22
3ddbaf58-5c85-4ae9-8759-983ebba1ba80,abstractor.dog,available,5.98,86.98,medium,low,10,namecheap,,,16/09/2026 18:29
4f692c1f-e42d-468b-8f2d-ba63f5a3e01b,movements.dog,available,5.98,86.98,low,low,9,namecheap,,,28/09/2026 12:36
5c75a35b-4542-4dda-ba24-472599a8d133,essentially.dog,available,5.38,51.95,medium,low,11,spaceship,,,28/09/2026 07:07
4feaa629-de3e-4cb9-a981-e67345c02028,jovian.dog,available,5.98,86.98,medium,low,6,namecheap,,,22/08/2026 14:02
90db3df0-fdce-46c4-a03a-821558c32c17,positional.dog,available,5.98,86.98,medium,low,10,namecheap,,,09/09/2026 00:06
5d369207-7bff-43cd-9056-0b14864f5a72,harassing.dog,available,7.49,64.99,medium,low,9,namesilo,,,30/09/2026 12:18
de3eafb4-a265-4b84-af09-a5926bc669de,hoops.dog,available,5.38,51.95,high,low,5,spaceship,,,29/09/2026 01:29
a90b5b09-0dfb-452c-83a3-fb6e4d63f45b,manky.dog,available,5.98,86.98,medium,low,5,namecheap,,,24/08/2026 15:12
30ca44b8-6ce0-4c75-8c88-e215e44ad44e,goddamned.dog,available,5.98,86.98,medium,low,9,namecheap,,,10/08/2026 12:48
1214c52a-fa45-4297-af94-bbf642e4f984,arginine.dog,available,7.49,64.99,medium,low,8,namesilo,,,20/09/2026 04:24
0f90313e-bc2a-4a46-ac06-f0f7de299065,baronage.dog,available,7.49,64.99,medium,low,8,namesilo,,,22/09/2026 07:18
3c3c07c6-5fc4-4f6b-9741-3223365b25bd,scramble.dog,available,5.98,86.98,high,low,8,namecheap,,,24/09/2026 15:13
fdaa164f-bb23-4f8a-bef8-0178bf17b7a3,sameness.dog,available,5.98,86.98,medium,low,8,namecheap,,,21/08/2026 15:12
6d4f3a2c-dfa7-4a6c-b416-f0e6b84d68f4,unrecorded.dog,available,5.98,86.98,medium,low,10,namecheap,,,24/08/2026 07:46
3335d154-e616-4df8-976a-4656b796e2b2,bulky.dog,available,7.49,64.99,medium,low,5,namesilo,,,23/09/2026 10:36
dcccc129-d989-4fbb-a543-3db2f61190db,loneliness.dog,available,7.49,64.99,high,low,10,namesilo,,,18/09/2026 13:13
2b288fd3-0253-4780-8808-73c45f0bf590,appeal.dog,available,7.49,64.99,high,low,6,namesilo,,,28/09/2026 21:53
07bc493f-5caa-4165-a2f4-88d50a1cc2f4,tetragon.dog,available,5.98,86.98,medium,low,8,namecheap,,,09/09/2026 07:24
0ca2128f-0298-46b5-9e0b-1ef900947e4b,ghosts.dog,available,7.49,64.99,medium,low,6,namesilo,,,18/09/2026 22:14
1ca43ce7-0386-4250-9cdf-3d90725dc0b2,tweet.dog,available,50.2,50.2,high,low,5,cloudflare,,,30/09/2026 05:48
31a76cc0-e98c-4c04-a418-138bed07165d,rapacity.dog,available,5.98,86.98,medium,low,8,namecheap,,,21/09/2026 08:45
fff9cda6-f7d2-4c7c-af13-28752b953ee7,tuck.dog,available,7.49,64.99,medium,low,4,namesilo,,,28/09/2026 15:12
5327b3b4-abf9-4bb7-bb40-ebb9fa46d78a,outlined.dog,available,5.98,86.98,high,low,8,namecheap,,,04/09/2026 19:31
a58f6494-8976-4388-958e-48537726fedc,limbless.dog,available,5.98,86.98,medium,low,8,namecheap,,,23/08/2026 12:35
9e75b070-bdf3-4534-a338-42bd56b29941,wakening.dog,available,7.49,64.99,high,low,8,namesilo,,,28/09/2026 23:37
edc8a140-6fcf-46f8-9e8e-645d9796613b,yells.dog,available,50.2,50.2,low,low,5,cloudflare,,,01/10/2026 00:47
9409837e-d551-472c-a8bc-0ba736ddae59,alanine.dog,available,5.98,86.98,high,low,7,namecheap,,,18/09/2026 01:50
b64c5a1e-f918-4272-8a30-629ca1fd4b3d,firewood.dog,available,3.5,53.72,high,low,8,dynadot,,,30/09/2026 01:38
318c991f-d880-4986-aada-09cfa3c4b251,conspicuous.dog,available,7.49,64.99,medium,low,11,namesilo,,,29/09/2026 03:02
ce508ffa-5bca-4c4a-b161-b5dde9ccb013,timetable.dog,available,3.5,53.72,high,low,9,dynadot,,,28/09/2026 20:39
e05e4870-322a-4a38-9ef3-345289ed1ab6,treachery.dog,available,7.49,64.99,medium,low,9,namesilo,,,23/09/2026 11:23
a640e26c-3bf9-46e2-ac0c-15a5a88fa54d,burrows.dog,available,7.49,64.99,medium,low,7,namesilo,,,29/09/2026 03:16
ef7fe733-ffba-48e2-83f1-9097172a16e8,moonflower.dog,available,7.49,64.99,high,low,10,namesilo,,,23/09/2026 06:03
82977d48-6f72-4512-afe9-c33b50b01a4b,meticulous.dog,available,5.98,86.98,high,low,10,namecheap,,,24/08/2026 22:04
ad8a3988-d3d5-4056-8de1-c2836286af2a,fatigue.dog,available,7.49,64.99,high,low,7,namesilo,,,25/09/2026 11:36
63883307-93b5-4790-8c8c-cba804eb3299,dominoes.dog,available,7.49,64.99,high,low,8,namesilo,,,24/09/2026 23:28
618245bb-8b82-4212-aaf8-b48d5b402ed4,usernames.dog,available,7.49,64.99,medium,low,9,namesilo,,,20/09/2026 06:18
5ee90de6-a141-4301-894e-68379668cd82,priests.dog,available,5.98,86.98,medium,low,7,namecheap,,,18/09/2026 03:38
e5c53e1c-d70b-451d-ae6f-4a05633727c8,befog.dog,available,5.98,86.98,medium,low,5,namecheap,,,03/09/2026 23:52
5d94740c-116b-4c8a-8a2c-9efbbaca53f7,illiterate.dog,available,5.98,86.98,medium,low,10,namecheap,,,21/08/2026 20:03
446af86e-6f66-40b0-906a-2542017105ff,silverware.dog,available,5.38,51.95,high,low,10,spaceship,,,30/09/2026 02:53
ca53a941-cf89-4aac-89a0-7c916e5307cb,obligations.dog,available,5.38,51.95,low,low,11,spaceship,,,29/09/2026 05:17
034ef71c-0386-4b74-b0f7-c6a79ee2c046,mccormick.dog,available,7.49,64.99,high,low,9,namesilo,,,25/09/2026 04:30
85a8043b-98be-422a-ba5b-74be2503d5cc,jut.dog,available,5.98,86.98,medium,low,3,namecheap,,,22/08/2026 14:56
be9a5392-e494-46c7-be05-469c27cf003a,probe.dog,available,5.38,51.95,high,low,5,spaceship,,,28/09/2026 10:09
0151b924-edf8-442f-a9c9-b480d33ee2a3,redevelopment.dog,available,7.49,64.99,medium,low,13,namesilo,,,01/10/2026 03:37
41ba82c5-39a5-47fa-941f-ac566df8b720,arietta.dog,available,7.49,64.99,medium,low,7,namesilo,,,20/09/2026 05:25
63d83ab0-3a9e-4225-9543-865412b05d0c,adorably.dog,available,5.98,86.98,medium,low,8,namecheap,,,13/09/2026 17:21
d022d06b-9615-4748-b9a2-e209ba418e24,networks.dog,available,7.49,64.99,high,low,8,namesilo,,,19/09/2026 17:41
3ddc33cc-1b17-449e-9476-04fd7aacf51f,messianic.dog,available,5.98,86.98,medium,low,9,namecheap,,,24/08/2026 21:22
9498ab85-d99a-4de8-8b22-e33191e54465,cui.dog,available,5.38,51.95,high,low,3,spaceship,,,29/09/2026 15:08
becf79ac-f05c-4b80-b539-12f6aaf9bdb8,lobby.dog,available,3.6,52.01,high,low,5,porkbun,,,28/09/2026 21:38
6c260caf-7097-42f4-93bb-3869aadfd470,aap.dog,available,5.98,86.98,high,low,3,namecheap,,,01/10/2026 05:12
e03d0826-2227-4654-95b8-f9351208a773,cervine.dog,available,5.98,86.98,medium,low,7,namecheap,,,12/08/2026 01:00
a157ce0d-6b68-406e-8be1-a899bdb715a1,proves.dog,available,7.49,64.99,medium,low,6,namesilo,,,18/09/2026 07:04
e952ecf0-f5e8-4346-a930-3272dc49df24,beverage.dog,available,7.49,64.99,high,low,8,namesilo,,,01/10/2026 03:28
aa0beb43-22cd-469c-894e-787572892b71,enmeshed.dog,available,5.98,86.98,medium,low,8,namecheap,,,17/08/2026 09:39
bfa4ecba-6dc1-41dd-ae00-c6b77d2e34fc,defensible.dog,available,5.98,86.98,medium,low,10,namecheap,,,13/08/2026 23:11
836b0631-e2db-4c50-84d0-23266c10e363,millilitre.dog,available,5.98,86.98,medium,low,10,namecheap,,,11/08/2026 22:55
c677dc8d-a14c-41ea-9b5f-1a1f620e0743,banns.dog,available,7.49,64.99,medium,low,5,namesilo,,,22/09/2026 02:56
ae01dac7-acc2-4436-8fc0-50c586e70801,said.dog,available,5.38,51.95,high,low,4,spaceship,,,30/09/2026 23:01
8bd5bd98-c220-45af-935e-57fd6c68b476,overdue.dog,available,7.49,64.99,medium,low,7,namesilo,,,26/09/2026 03:28
cce7f03d-07e8-4f09-8203-778e9a280a16,mutinous.dog,available,5.98,86.98,medium,low,8,namecheap,,,03/09/2026 11:55
1820fdbe-cffb-4e84-ae5b-1b63fb101aec,tandem.dog,available,5.98,86.98,high,low,6,namecheap,,,15/09/2026 06:56
a963806d-67c3-4033-82c5-02b432e6c4cb,feasibly.dog,available,5.98,86.98,medium,low,8,namecheap,,,14/09/2026 18:08
f397f767-ed58-4703-895b-289e892191d8,compelled.dog,available,7.49,64.99,low,low,9,namesilo,,,28/09/2026 23:06
2f24ba45-1cc7-4717-88ff-84d86c8113c6,marine.dog,available,7.49,64.99,high,low,6,namesilo,,,25/09/2026 16:45
20b138f3-e497-431d-8d36-8e33bcbee1de,unkind.dog,available,5.98,86.98,medium,low,6,namecheap,,,12/09/2026 14:11
35756e6f-ba6b-4080-b4bd-229f42c03534,downmarket.dog,available,5.98,86.98,medium,low,10,namecheap,,,14/08/2026 17:48
f3aa208e-a216-4853-8ad8-189807fb8de7,melissa.dog,available,7.49,64.99,high,low,7,namesilo,,,27/09/2026 04:11
cb9cd040-6015-4afc-bd6d-2996c5cc5115,participate.dog,available,7.49,64.99,high,low,11,namesilo,,,28/09/2026 07:01
45a75422-1148-4ef8-aa34-9bb0537f602d,debbie.dog,available,7.49,64.99,medium,low,6,namesilo,,,27/09/2026 07:32
993a9d7f-370b-4e5e-b2df-8b42edebf6d0,airlike.dog,available,5.98,86.98,medium,low,7,namecheap,,,
68018bd4-4c3b-4cbc-8d4a-b4cf45b4d50a,untethered.dog,available,5.98,86.98,medium,low,10,namecheap,,,12/09/2026 21:16
546bcea4-cac4-4ceb-bf0b-4848dcb4631c,timbered.dog,available,5.98,86.98,medium,low,8,namecheap,,,11/09/2026 15:59
9467aa77-f10e-4c12-92bd-7e71eeaabae9,organisms.dog,available,5.38,51.95,medium,low,9,spaceship,,,30/09/2026 23:35
590e3fb5-0080-4694-8137-5aa75018873b,blowout.dog,available,5.38,51.95,high,low,7,spaceship,,,27/09/2026 16:59
67c579eb-e95e-49c8-b384-a8d9a17155d0,guerrilla.dog,available,5.98,86.98,high,low,9,namecheap,,,22/08/2026 10:14
7cc9d7fd-5205-4a3c-9a42-9a2c17bde190,ramirez.dog,available,5.38,51.95,medium,low,7,spaceship,,,28/09/2026 08:04
05de5784-aa9c-4d81-bebd-82bb1c14936d,unshaven.dog,available,5.98,86.98,medium,low,8,namecheap,,,12/09/2026 19:40
9d4d2120-fdab-4b0a-a5b1-2e1ad3285765,decomposition.dog,available,5.98,86.98,medium,low,13,namecheap,,,30/09/2026 22:50
ecc19033-0d51-439c-872f-13e93ed0ae2b,pentad.dog,available,5.98,86.98,medium,low,6,namecheap,,,
a2e91287-2ee3-4557-9ffd-2633d0943e31,impressive.dog,available,5.98,86.98,high,low,10,namecheap,,,21/08/2026 23:04
dac65db4-b183-4a1d-98af-2a2b341a546b,burman.dog,available,5.38,51.95,high,low,6,spaceship,,,01/10/2026 04:44
3d63d84e-be6b-4d79-a129-6a21b7ab63f6,gloomy.dog,available,5.98,86.98,medium,low,6,namecheap,,,14/08/2026 11:40
9e44deea-cd90-4a55-815a-bee8130febb1,blastocyst.dog,available,7.49,64.99,medium,low,10,namesilo,,,24/09/2026 04:28
7769a790-9b7c-464f-a044-0185ad01b674,revived.dog,available,5.98,86.98,high,low,7,namecheap,,,09/09/2026 11:00
086b268d-1486-41d3-ac38-207c9e59a719,balanus.dog,available,5.98,86.98,medium,low,7,namecheap,,,21/09/2026 21:03
e1149238-0984-40ae-bc26-0fab1d75b8a9,faraway.dog,available,5.98,86.98,high,low,7,namecheap,,,17/08/2026 22:14
0cf4f478-cd1e-4139-a037-4ddb0dbc25e0,carelessly.dog,available,5.98,86.98,high,low,10,namecheap,,,14/09/2026 05:19
da369d58-0bc7-469e-8763-aabdf4d44b2f,cropped.dog,available,5.98,86.98,medium,low,7,namecheap,,,13/08/2026 07:53
fbf4df9d-259e-4451-96a1-c414108fd7e4,obliged.dog,available,7.49,64.99,medium,low,7,namesilo,,,28/09/2026 11:17
63c74d92-6edb-45b9-917c-3de59909de1a,unlogical.dog,available,5.98,86.98,low,low,9,namecheap,,,21/08/2026 20:07
2a32e90b-7adb-40a0-991b-929f540df9fa,andradite.dog,available,7.49,64.99,medium,low,9,namesilo,,,19/09/2026 04:09
61103b3a-9908-4de5-ae25-bab5f58211eb,continuum.dog,available,3.5,53.72,high,low,9,dynadot,,,01/10/2026 01:33
03671840-8dd2-4cbe-ab8b-d9d99484d096,dastard.dog,available,5.99,83.99,medium,low,7,name.com,,,13/08/2026 18:32
b140f656-25f9-445f-ad8d-fe24c2916ad3,undogmatic.dog,available,5.98,86.98,medium,low,10,namecheap,,,18/08/2026 14:50
acd5c48a-b72b-4b7a-90f1-6a7b0da0cf31,lurid.dog,available,5.98,86.98,medium,low,5,namecheap,,,24/08/2026 11:42
b261649c-3625-4441-a608-5b842a64b9c7,antido.dog,available,5.98,86.98,medium,low,6,namecheap,,,19/09/2026 14:17
1c131275-7364-4ee8-983d-8404bf05112c,permissive.dog,available,5.98,86.98,medium,low,10,namecheap,,,08/09/2026 17:48
1df9b6cc-09b8-47db-b5a3-3d4f7c9b37a3,promotions.dog,available,50.2,50.2,medium,low,10,cloudflare,,,28/09/2026 08:51
a364b6cc-ff31-4b4f-ada6-f7a6bcce42c6,specials.dog,available,3.5,53.72,medium,low,8,dynadot,,,29/09/2026 17:33
8349102c-ee09-4826-b025-94c4ee20c172,calling.dog,available,7.49,64.99,high,low,7,namesilo,,,24/09/2026 11:48
960753b9-0212-4e7b-a484-f602c39c9c5c,feckless.dog,available,5.98,86.98,medium,low,8,namecheap,,,18/08/2026 00:31
23a11273-5422-49a3-ae2d-40a12762e1c1,ramsey.dog,available,7.49,64.99,high,low,6,namesilo,,,25/09/2026 15:22
8b26cc18-0089-417c-ba3d-8dc34690e0fa,baker.dog,available,5.98,86.98,high,low,5,namecheap,,,21/09/2026 20:17
4064dca6-724d-42f3-9b3f-68c34ca88d92,shapeless.dog,available,5.98,86.98,medium,low,9,namecheap,,,
a24e607a-e774-4061-974b-8bd797cde0e7,aum.dog,available,7.49,64.99,high,low,3,namesilo,,,21/09/2026 04:10
ee0ac69b-b317-4d18-99b8-d265d48b652d,ductile.dog,available,5.98,86.98,medium,low,7,namecheap,,,14/08/2026 20:50
f1bd6647-6f17-464c-af9a-3ee7849b47df,exploring.dog,available,7.49,64.99,high,low,9,namesilo,,,28/09/2026 15:59
77bb9299-d972-4a69-900b-efd7d784bfc6,chthonian.dog,available,5.98,86.98,medium,low,9,namecheap,,,12/08/2026 07:26
cff13133-af13-4400-ab30-808008b28ead,babar.dog,available,7.49,64.99,high,low,5,namesilo,,,21/09/2026 12:14
c94ca2ac-2363-4f48-a611-aabbb88804e0,neighborly.dog,available,5.98,86.98,high,low,10,namecheap,,,03/09/2026 15:16
f509360d-e411-4903-8ee6-3053a5b12d78,hypocrisy.dog,available,50.2,50.2,medium,low,9,cloudflare,,,30/09/2026 17:40
f4ccfa1d-b54d-49f1-8adc-fb3ea3cb5adc,sandusky.dog,available,50.2,50.2,medium,low,8,cloudflare,,,28/09/2026 22:26
27488faa-9a10-4f00-81bb-8dfd94f61b8a,lecherous.dog,available,5.98,86.98,medium,low,9,namecheap,,,22/08/2026 22:17
41144e0b-0009-4106-b5f6-2cb18d55ac87,bcs.dog,available,7.49,64.99,high,low,3,namesilo,,,29/09/2026 15:15
ed935d94-f996-4b38-bd5d-5c5f7c440022,playoffs.dog,available,5.38,51.95,medium,low,8,spaceship,,,30/09/2026 15:19
43e49002-92be-4038-a0ac-189a7ffa3332,bars.dog,available,5.38,51.95,high,low,4,spaceship,,,29/09/2026 01:17
8ec99fa6-5be2-4752-895e-b853f2c89b85,beryl.dog,available,7.49,64.99,medium,low,5,namesilo,,,23/09/2026 10:23
8b813516-36ca-4d1a-be0e-855de8af5827,neatly.dog,available,5.98,86.98,high,low,6,namecheap,,,15/09/2026 16:16
46d76e54-c2fd-436a-87d5-f855ac367368,dobbs.dog,available,7.49,64.99,medium,low,5,namesilo,,,29/09/2026 10:37
364cc2bc-f47d-4359-869c-54037225f339,unasked.dog,available,5.98,86.98,medium,low,7,namecheap,,,12/09/2026 01:10
d4da7c22-8d01-45d8-b6f7-7a964775634c,clonic.dog,available,5.98,86.98,medium,low,6,namecheap,,,12/08/2026 12:02
f0c26615-8d1f-41df-9088-8d72849fb76f,apocalypse.dog,available,5.98,86.98,medium,low,10,namecheap,,,19/09/2026 18:10
c86e947a-1914-4df8-8b9e-26d9f0e18ab4,shaded.dog,available,5.98,86.98,medium,low,6,namecheap,,,10/09/2026 05:23
08841b73-f458-4b9f-b3f1-3add5f673ab8,daniels.dog,available,7.49,64.99,high,low,7,namesilo,,,25/09/2026 15:51
84baf3df-d42f-4ae6-893a-013061db67f3,bugbane.dog,available,5.98,86.98,medium,low,7,namecheap,,,18/09/2026 20:09
ea17f408-1ef3-40a5-bef7-161d3cf2b68a,kongo.dog,available,7.49,64.99,high,low,5,namesilo,,,01/10/2026 02:49
40fee9c6-be20-4380-b5c2-ad3b894cb0aa,redial.dog,available,5.98,86.98,high,low,6,namecheap,,,16/09/2026 12:47
9eced03d-5f0f-4474-bfdd-916902ebf519,woolley.dog,available,5.38,51.95,medium,low,7,spaceship,,,29/09/2026 20:22
5fd210d5-8614-46e7-99ae-315ea3bf8cf6,guilt.dog,available,5.38,51.95,high,low,5,spaceship,,,29/09/2026 21:42
9ce2c007-6659-4496-8632-6e73995bee66,warmth.dog,available,5.38,51.95,high,low,6,spaceship,,,28/09/2026 11:06
fc925392-c762-4b94-b1c8-7efab5179c9b,been.dog,available,5.99,,medium,low,4,name.com,,,
eade6c59-b1dd-46bb-be1d-a1f771845b58,halle.dog,available,7.49,64.99,high,low,5,namesilo,,,27/09/2026 04:25
c9a97395-72db-4485-9a48-1a17139e74fd,insouciant.dog,available,5.98,86.98,medium,low,10,namecheap,,,11/08/2026 20:34
011fa239-6c54-47d0-8460-98dc9e69ef1a,gramophone.dog,available,7.49,64.99,medium,low,10,namesilo,,,17/09/2026 02:30
36333e45-dac7-46f8-b367-d1000edd9290,specially.dog,available,7.49,64.99,medium,low,9,namesilo,,,28/09/2026 14:42
ea7c7197-0eeb-4572-974a-8352333c8991,garbanzo.dog,available,7.49,64.99,medium,low,8,namesilo,,,24/09/2026 14:31
8f82a802-ae25-469f-a821-d353161fd225,opulent.dog,available,5.98,86.98,high,low,7,namecheap,,,14/08/2026 00:58
7e1676fc-42ed-441d-ad63-11d8a4d5a486,salient.dog,available,5.98,86.98,high,low,7,namecheap,,,09/09/2026 03:09
a968bcfb-d33d-4a90-ae9f-eb923c6a739a,angular.dog,available,7.49,64.99,high,low,7,namesilo,,,22/09/2026 04:30
bf2c2e4f-0767-469a-991b-36a01599a55a,demolition.dog,available,7.49,64.99,high,low,10,namesilo,,,24/09/2026 21:50
d7232003-2ff3-4977-80a6-8f5a5e030c5f,foamy.dog,available,5.98,86.98,high,low,5,namecheap,,,11/08/2026 07:20
d6742d5b-0c69-4aac-8db5-a0d0ead627d8,balkans.dog,available,7.49,64.99,medium,low,7,namesilo,,,21/09/2026 22:15
e975c122-ac3a-4532-8bf2-f835c95e7cde,navigate.dog,available,5.38,51.95,high,low,8,spaceship,,,28/09/2026 20:45
2ce8642f-7163-4899-ab76-8a374258033d,cuttable.dog,available,5.98,86.98,medium,low,8,namecheap,,,12/08/2026 04:30
ba969f1f-0b2b-4f5c-8757-728c05c249f6,inpatient.dog,available,7.49,64.99,medium,low,10,namesilo,,,20/09/2026 21:46
a20dbe5f-5b85-461d-97bf-7bbc0367ff10,primacy.dog,available,5.38,51.95,high,low,7,spaceship,,,01/10/2026 03:21
d6b5aa84-1aa3-4d80-85f2-2e3b89fc353c,belinda.dog,available,5.38,51.95,medium,low,7,spaceship,,,29/09/2026 09:21
f65bf52d-003e-4b5b-ba53-4ec019ba44ca,lourdes.dog,available,3.6,52.01,medium,low,7,porkbun,,,29/09/2026 09:34
8c972679-c642-4bc5-8684-8dfe255a33c1,deluxe.dog,available,5.99,83.99,high,low,6,name.com,,,13/08/2026 19:11
3c7b4df5-be8b-470f-ae16-e08b8da854d1,rows.dog,available,7.49,64.99,low,low,4,namesilo,,,29/09/2026 10:22
668f321d-e742-48cb-adbc-6bcf795b276f,dozens.dog,available,5.98,86.98,high,low,6,namecheap,,,14/09/2026 23:20
ea87b284-405b-4db1-9aeb-b13a05dd7505,analogous.dog,available,5.98,86.98,medium,low,9,namecheap,,,
1205e73a-64e3-4adb-af90-0271dac4ead7,merrily.dog,available,5.98,86.98,high,low,7,namecheap,,,14/09/2026 00:25
29115adf-9498-4fc0-bdf6-609477c225ab,athar.dog,available,5.98,86.98,high,low,5,namecheap,,,20/09/2026 19:25
6eea006f-bd49-4070-b8e9-63a0c5ce123c,mackinnon.dog,available,7.49,64.99,medium,low,9,namesilo,,,30/09/2026 04:33
c51ae9fb-4a04-45ed-9363-d3b39729e137,alkali.dog,available,7.49,64.99,high,low,6,namesilo,,,18/09/2026 08:16
6a94aea6-4d4a-4856-bad3-a73e7b58660b,cameraman.dog,available,50.2,50.2,high,low,9,cloudflare,,,29/09/2026 06:02
4bb361af-a776-42d0-92ac-6aa31b01ebca,catalytic.dog,available,5.98,86.98,high,low,9,namecheap,,,11/08/2026 20:58
8762ee63-20b3-48ae-97cc-72cf4dc05cca,nyt.dog,available,5.99,,high,low,3,name.com,,,
5567ec52-bb05-4f02-8371-4c7fd47a8a62,prolate.dog,available,5.98,86.98,medium,low,7,namecheap,,,15/08/2026 18:52
00e78186-fab6-4ba1-bd6b-6e5935ebddc3,lessons.dog,available,5.98,86.98,high,low,7,namecheap,,,25/09/2026 19:53
f565c928-39b0-484d-baf8-ff7c886a47df,presented.dog,available,5.98,86.98,medium,low,9,namecheap,,,28/09/2026 08:35
6a5a6ea7-8d8d-48fb-8173-d038eb35dd63,reunited.dog,available,3.5,53.72,high,low,8,dynadot,,,30/09/2026 08:00
9508749f-1398-42d1-ae68-d460e1a66c09,floated.dog,available,5.38,51.95,medium,low,7,spaceship,,,30/09/2026 15:08
a41a907f-c988-4886-b947-13c4666f4e86,colly.dog,available,5.98,86.98,medium,low,5,namecheap,,,14/08/2026 09:17
b731f699-b9f9-49dd-97e1-711e59dfbcf3,roughly.dog,available,7.49,64.99,high,low,7,namesilo,,,21/09/2026 14:14
f46b21eb-7a2b-4110-a639-522ee4da60ff,taller.dog,available,7.49,64.99,medium,low,6,namesilo,,,19/09/2026 00:16
c97d31d0-bd12-402a-a6e3-52c826577229,compulsive.dog,available,5.98,86.98,high,low,10,namecheap,,,12/08/2026 19:40
118068c9-c0d5-4db3-8578-8fe22aea04c6,angas.dog,available,7.49,64.99,medium,low,5,namesilo,,,19/09/2026 05:46
ba6ffa94-7a7b-4948-94c7-781d80f5d851,segregation.dog,available,7.49,64.99,medium,low,11,namesilo,,,16/09/2026 23:21
f78db199-3404-43aa-aeeb-9525dca95b93,dentate.dog,available,5.98,86.98,medium,low,7,namecheap,,,14/08/2026 01:57
bd54a079-6bcd-4c22-b132-598512d32bd9,quilt.dog,available,7.49,64.99,high,low,5,namesilo,,,01/10/2026 03:24
719cdfa7-4165-4bae-b15d-b50c97f0b2ad,alluvium.dog,available,5.99,83.99,medium,low,8,name.com,,,18/09/2026 12:20
4d627349-258e-4f19-b18d-0aa74789d632,kauai.dog,available,5.38,51.95,high,low,5,spaceship,,,29/09/2026 13:15
4b1aa270-88fb-4b05-a4a1-cd214ab28173,goosefish.dog,available,7.49,64.99,medium,low,9,namesilo,,,18/09/2026 11:40
d1b96c85-812e-4e14-b6e0-22fa5163de08,fatefully.dog,available,5.98,86.98,medium,low,9,namecheap,,,14/09/2026 17:53
a480d7e8-756f-43f0-a29c-7cfcfd9f0a32,dolls.dog,available,5.38,51.95,medium,low,5,spaceship,,,28/09/2026 09:09
4c966349-97f0-4b67-a1b7-b4118e0b0c1c,hendricks.dog,available,5.38,51.95,medium,low,9,spaceship,,,28/09/2026 08:45
d702f9bb-3da7-4ff5-a4d5-231b153cbd8b,bawbee.dog,available,7.49,64.99,medium,low,6,namesilo,,,22/09/2026 16:46
04526ea7-0c6f-4faf-9d61-289b7e84d469,amine.dog,available,7.49,64.99,high,low,5,namesilo,,,18/09/2026 21:41
7b013fd0-b311-4578-934c-5b2c1cbe2bb7,darkening.dog,available,5.99,83.99,medium,low,9,name.com,,,13/08/2026 18:10
97b861c1-5fbe-4f41-9500-cd0512626d24,nicolson.dog,available,5.38,51.95,medium,low,8,spaceship,,,01/10/2026 02:25
2730858e-ca19-4a4d-a22f-69cc1c409868,aegean.dog,available,5.98,86.98,high,low,6,namecheap,,,
b4dc3cd2-a859-4dce-93e9-fd42b8b2485d,rescuing.dog,available,5.38,51.95,high,low,8,spaceship,,,30/09/2026 14:58
edad2017-874a-439e-a0a4-5d1fb2862e1b,african.dog,available,5.98,86.98,high,low,7,namecheap,,,
5b3909a6-1ac0-4b01-9699-c6355665409d,arrhythmia.dog,available,5.98,86.98,medium,low,10,namecheap,,,20/09/2026 09:13
84763583-b6b8-400f-a498-7f5c84e9d96f,aman.dog,available,5.38,51.95,high,low,4,spaceship,,,30/09/2026 20:31
56600b23-8a53-4ac8-a69d-c3e0e4400ca5,sid.dog,available,7.49,64.99,high,low,3,namesilo,,,25/09/2026 12:52
c358ed6a-5632-4ce7-91bd-974e3416fe13,myths.dog,available,5.38,51.95,medium,low,5,spaceship,,,30/09/2026 00:32
12cbd564-472a-40f6-8179-37a732cb20e8,manipulated.dog,available,5.38,51.95,medium,low,11,spaceship,,,29/09/2026 16:09
30ce9382-cfdd-4d49-90d0-ccce58abc074,angler.dog,available,7.49,64.99,high,low,6,namesilo,,,18/09/2026 11:39
92aff7e0-c388-41c4-a73b-d8e1712e3092,esoteric.dog,available,5.98,86.98,high,low,8,namecheap,,,17/08/2026 13:17
bc3a38b0-45ff-49ee-a4c5-939f3bc42f39,passel.dog,available,5.98,86.98,medium,low,6,namecheap,,,25/08/2026 00:35
c28eab42-613c-49c3-819a-252201afd1dc,reverent.dog,available,5.98,86.98,high,low,8,namecheap,,,20/08/2026 16:08
61285f14-c500-440b-b22b-2143cc917605,atropine.dog,available,7.49,64.99,medium,low,8,namesilo,,,21/09/2026 01:00
f790cf65-b094-47cf-93e8-9c0abd79102d,julio.dog,available,3.5,53.72,high,low,5,dynadot,,,29/09/2026 03:04
c0b58b64-fda0-4d88-be2d-0db11ad3d83c,founder.dog,available,5.98,86.98,high,medium,7,namecheap,,,28/09/2026 13:40
d4f2c6fb-e96a-407c-9ff8-72c79e048d42,soviets.dog,available,3.6,52.01,medium,low,7,porkbun,,,29/09/2026 13:58
fdb1d9c3-2e27-4ba9-9cc1-08a3bc59a3ee,educate.dog,available,7.49,64.99,high,low,7,namesilo,,,29/09/2026 14:27
b1982b32-14bb-4ca9-ac28-929f718cd77e,cristobal.dog,available,5.38,51.95,medium,low,9,spaceship,,,30/09/2026 20:55
dcc6a818-6f39-4cb7-bdb1-74c3a0283045,curse.dog,available,7.49,64.99,high,low,5,namesilo,,,24/09/2026 04:27
bbed3a1e-1001-4973-97d5-60dd16e88db9,anima.dog,resell,,,high,medium,5,Dynadot Inc,18/07/2026 17:00,18/07/2027 17:00,26/09/2026 03:53
3642dea4-a0d5-470e-8129-0ef45ee2426d,believers.dog,available,50.2,50.2,high,low,9,cloudflare,,,30/09/2026 13:58
3170ede6-b34d-4b24-880c-b43612c379ce,longitude.dog,available,5.38,51.95,high,low,9,spaceship,,,30/09/2026 03:11
f7455ab1-3f0f-4bf2-9c04-c6fbacab293c,polygonal.dog,available,5.98,86.98,medium,low,9,namecheap,,,08/09/2026 23:20
08173dee-3445-4159-b380-9838ffb3f2bc,lions.dog,available,5.99,,high,low,5,name.com,,,
c923d19c-6544-4404-b723-57119364cd86,melchior.dog,available,5.98,86.98,high,low,8,namecheap,,,30/09/2026 17:52
21a12940-d3a5-486c-8f39-9bdaa8c91d2a,mime.dog,available,5.98,86.98,medium,low,4,namecheap,,,24/08/2026 23:33
aee12cda-eade-428f-a616-2aa605f08683,slab.dog,available,3.6,52.01,high,low,4,porkbun,,,28/09/2026 20:30
999a43b7-88fc-4905-948c-63df45e86e21,ungrateful.dog,available,5.98,86.98,medium,low,10,namecheap,,,11/09/2026 12:26
7fd00d35-3af1-4664-b7b0-c6bfc3e584e8,infernal.dog,available,5.98,86.98,high,low,8,namecheap,,,10/08/2026 12:50
d9d67d88-072d-472a-8a87-98716896d7ff,semifinal.dog,available,7.49,64.99,high,low,10,namesilo,,,16/09/2026 09:45
6a75d1c0-ee82-4abc-b418-ddb0318d14e4,praising.dog,available,5.98,86.98,high,low,8,namecheap,,,22/08/2026 20:53
3bb32bd3-0bc8-4592-8399-a837f7130027,negative.dog,available,7.49,64.99,high,low,8,namesilo,,,24/09/2026 11:09
da8b423a-6666-407c-a902-7d8cf8424de2,antenatal.dog,available,5.98,86.98,high,low,9,namecheap,,,22/09/2026 05:59
58353a36-f60c-4d20-bd0b-c382506ca29c,exquisite.dog,available,5.98,86.98,high,low,9,namecheap,,,17/08/2026 18:54
9c952aa0-3fa2-4d41-9f65-b14d0a6b6994,woes.dog,available,5.98,86.98,low,low,4,namecheap,,,20/09/2026 07:52
e4d786e1-94d4-4b57-8d45-75add99597d9,atheism.dog,available,5.98,86.98,medium,low,7,namecheap,,,20/09/2026 20:31
0b9b6b47-ee6d-48f6-a377-bc454e9e435f,marketing.dog,premium,414.2,414.2,high,medium,9,spaceship,,,28/09/2026 06:40
4c147a23-aa03-495b-8c3b-cc88bbf3baeb,fraud.dog,available,7.49,64.99,high,low,5,namesilo,,,27/09/2026 07:55
b6a2f0ba-a89f-4d48-a9ac-a027ec305203,unlined.dog,available,5.98,86.98,medium,low,7,namecheap,,,12/09/2026 14:54
9b414145-81e2-4a3b-8db1-9c8ee59c3553,orlando.dog,available,7.49,64.99,high,low,7,namesilo,,,25/09/2026 09:39
5892a094-15e1-414a-9730-c705c120cc2a,jingling.dog,available,5.98,86.98,high,low,8,namecheap,,,08/09/2026 03:33
7742eff0-eef1-48b6-a4f4-7a17c6e8bfc6,yobo.dog,available,5.98,86.98,medium,low,4,namecheap,,,11/08/2026 08:48
670e2230-71d8-4006-96f2-09c15ea1645d,contaminated.dog,available,5.99,,medium,low,12,name.com,,,
aaa49127-4500-4c2e-abcf-c16e70517312,brass.dog,available,5.38,51.95,high,low,5,spaceship,,,29/09/2026 03:59
47f36793-7dde-456c-9633-6e614b3a11d5,immensely.dog,available,5.98,86.98,high,low,9,namecheap,,,15/09/2026 01:58
ad8ded8b-2eb1-4c7a-8409-9db493d25dfe,levodopa.dog,available,7.49,64.99,high,low,8,namesilo,,,23/09/2026 07:46
3342e602-4540-40e6-ad80-321bf3a88ae2,amyloid.dog,available,5.98,86.98,medium,low,7,namecheap,,,
949cebda-eeec-4e09-8bb2-3a127d5210ed,patriotism.dog,available,50.2,50.2,high,low,10,cloudflare,,,30/09/2026 05:24
8fed687e-8d9c-4b70-b3a2-067a6786d314,coltsfoot.dog,available,7.49,64.99,medium,low,9,namesilo,,,23/09/2026 01:58
39e3988e-1d47-47e3-8060-60c209219ca8,erik.dog,available,7.49,64.99,high,low,4,namesilo,,,25/09/2026 14:19
adede54b-946b-4190-bc48-8a0a1e2f5eb6,acetate.dog,available,7.49,64.99,medium,low,7,namesilo,,,17/09/2026 00:03
65b6230f-1e8c-4884-917f-c17e29e0a621,liam.dog,available,5.99,,high,low,4,name.com,,,
d276de7b-6c3a-4a3c-b0f2-c3249080f77b,rings.dog,available,7.49,64.99,high,low,5,namesilo,,,25/09/2026 10:24
10be12b1-fdc8-464b-94ba-dfafbdb7349c,reviewers.dog,available,7.49,64.99,medium,low,9,namesilo,,,21/09/2026 09:06
debf140f-5098-49b6-ad0b-5f154af142da,voltaire.dog,available,5.98,86.98,high,low,8,namecheap,,,20/09/2026 08:29
2817c54c-1495-49ff-9bf9-6e9af6d434a1,sunbaked.dog,available,5.98,86.98,medium,low,8,namecheap,,,
b488f4d6-3878-458a-9f95-2fe54c8dbbbc,champaign.dog,available,5.98,86.98,medium,low,9,namecheap,,,08/09/2026 20:30
3500bfb8-f464-4aaa-9b44-b7f6dc592089,colton.dog,available,7.49,64.99,medium,low,6,namesilo,,,29/09/2026 00:04
aa2dfa39-8ce5-4f92-852e-b8e6c7ad9053,stewardess.dog,available,7.49,64.99,high,low,10,namesilo,,,17/09/2026 22:26
53c9bd8e-4057-41ef-8168-41c4f863725f,uneven.dog,available,5.98,86.98,high,low,6,namecheap,,,04/09/2026 00:48
2a203783-2584-44c4-9922-8f32cb445750,chores.dog,available,5.98,86.98,medium,low,6,namecheap,,,29/09/2026 17:46
58277c25-ba14-40fa-96f8-4d67d47dc69e,alkahest.dog,available,7.49,64.99,medium,low,8,namesilo,,,18/09/2026 03:42
22b6a0dc-3b40-497a-9b81-ed63cecbeb12,weeds.dog,available,5.98,86.98,high,low,5,namecheap,,,29/09/2026 08:19
5515f203-02aa-4201-955e-d5b0c2cae009,verbs.dog,available,5.99,,medium,low,5,name.com,,,
b520fe8c-3b40-42dc-a094-9477572487c7,sultrily.dog,available,5.98,86.98,medium,low,8,namecheap,,,16/09/2026 01:00
d9f84b54-dd9c-466b-b3ab-0fcbaf06cdd8,glassless.dog,available,5.98,86.98,medium,low,9,namecheap,,,20/08/2026 14:11
983df6a5-2ec1-45f1-94f4-0dff94fd2ce2,yawn.dog,available,50.2,50.2,medium,low,4,cloudflare,,,28/09/2026 11:12
476a3af8-22ea-4df6-95ac-3d9e4e944472,containers.dog,available,7.49,64.99,medium,low,10,namesilo,,,19/09/2026 01:32
3ff0b125-12b1-47e1-b264-21447dc77b96,naples.dog,available,7.49,64.99,medium,low,6,namesilo,,,29/09/2026 07:39
4b379895-34f8-4c96-8536-002d254aee71,ascii.dog,available,7.49,64.99,high,low,5,namesilo,,,18/09/2026 20:43
f3b94232-9bbd-4e7e-a29f-1ffdfe4f75be,brookes.dog,available,5.38,51.95,medium,low,7,spaceship,,,30/09/2026 22:15
0c895294-3b27-46b4-bb76-2b04a4ec60ad,mutagenic.dog,available,5.98,86.98,medium,low,9,namecheap,,,03/09/2026 11:37
c9825b61-03c8-40da-bd04-32910d38d49e,finishes.dog,available,50.2,50.2,medium,low,8,cloudflare,,,28/09/2026 18:11
b7a02255-8a86-4b13-9433-71a552df9e2b,gears.dog,available,5.99,,medium,low,5,name.com,,,
e16ef0a7-0ffa-4e89-8407-4248cf68b92c,clxv.dog,available,5.98,86.98,medium,low,4,namecheap,,,
912bb6e2-1c30-4659-bdc2-02b70fc8a9f1,stepped.dog,available,5.98,86.98,high,low,7,namecheap,,,25/09/2026 18:05
d2a2e912-2f54-4a27-8fe3-9b2c4016f061,guarding.dog,available,5.38,51.95,medium,low,8,spaceship,,,28/09/2026 12:47
abfb974e-880b-46b2-9cec-6eeabf1d4a29,wrought.dog,available,5.98,86.98,medium,low,7,namecheap,,,25/08/2026 03:48
9f458d55-d316-422d-806e-90b4b825839b,antidotal.dog,available,5.98,86.98,medium,low,9,namecheap,,,
bd9f7967-fa69-4a04-bfea-aff72e53e69d,unwitting.dog,available,5.98,86.98,medium,low,9,namecheap,,,12/09/2026 14:24
dcd694bb-fab4-4f53-b711-fd6f5591575e,wedge.dog,available,7.49,64.99,medium,low,5,namesilo,,,28/09/2026 13:53
de800e11-a037-4d8e-9075-8a3a5a09de48,susie.dog,available,5.38,51.95,medium,low,5,spaceship,,,28/09/2026 16:25
f21e789f-1cd9-4397-800c-b5c6dc4b92b8,achondrite.dog,available,7.49,64.99,medium,low,10,namesilo,,,17/09/2026 00:54
0af686df-6ed1-4e6d-9623-24612ed41650,holcomb.dog,available,5.38,51.95,medium,low,7,spaceship,,,30/09/2026 13:42
3f290005-704b-4914-9dab-1135557c3300,thrashing.dog,available,5.98,86.98,medium,low,9,namecheap,,,13/09/2026 07:54
3da90f44-8439-4277-91a9-4e0a44676281,patton.dog,available,7.49,64.99,high,low,6,namesilo,,,25/09/2026 16:06
e80d18ca-52d7-4c23-998c-f44973164245,fuentes.dog,available,50.2,50.2,medium,low,7,cloudflare,,,29/09/2026 11:52
79216478-edbb-47ad-9950-6a61cc3db7b9,spoil.dog,available,5.98,86.98,high,low,5,namecheap,,,09/09/2026 08:16
0ae40ea4-f716-46fc-a9a3-c33f1ab5cc90,androgenic.dog,available,5.98,86.98,medium,low,10,namecheap,,,
6a78b23a-9105-4193-822d-8f5fa8b35ca8,ideally.dog,available,5.98,86.98,medium,low,7,namecheap,,,28/09/2026 15:16
309c390a-4d27-4804-98d9-3b53f259f28f,alienage.dog,available,7.49,64.99,medium,low,8,namesilo,,,18/09/2026 07:33
31119cd5-b5e4-4f76-81e9-475651fcb710,choky.dog,available,5.98,86.98,medium,low,5,namecheap,,,12/08/2026 06:42
fd8adb50-1870-4a57-b158-6eb7dba0e7d1,biracial.dog,available,5.98,86.98,high,low,8,namecheap,,,10/08/2026 05:42
b2287fa6-bed5-4baf-a599-51001f676458,dropping.dog,available,5.98,86.98,high,low,8,namecheap,,,14/08/2026 19:47
3116d7f0-7283-47ec-8579-71b81301dbe9,umar.dog,available,5.38,51.95,high,low,4,spaceship,,,29/09/2026 11:35
86df6dd1-4e2d-4f39-aca5-a85a3e3fe3d1,utc.dog,available,7.49,64.99,medium,low,3,namesilo,,,28/09/2026 09:27
f80a88f9-a22f-4522-a419-d1bd35f11044,dishonour.dog,available,7.49,64.99,medium,low,9,namesilo,,,29/09/2026 15:45
4e4a21f8-4545-4fd1-a8b7-316e8853f9ba,commando.dog,available,3.5,53.72,high,low,8,dynadot,,,01/10/2026 01:32
58fb218d-25f0-4c32-865d-d3c9f0a38b62,scooped.dog,available,7.49,64.99,medium,low,7,namesilo,,,17/09/2026 23:31
c9f078b5-354c-448d-bbc7-8b936a0d7889,dishonest.dog,available,5.98,86.98,medium,low,9,namecheap,,,11/08/2026 03:44
8182c852-540a-412b-8a51-de755bd60efb,management.dog,available,7.49,64.99,high,low,10,namesilo,,,19/09/2026 14:24
1146f80a-7ed2-4fed-8f3c-b2a4d2c5856c,sidney.dog,available,7.49,64.99,high,low,6,namesilo,,,27/09/2026 05:44
165d9f02-4dae-4da3-b64e-b84a16752a20,scalable.dog,available,5.98,86.98,high,low,8,namecheap,,,09/09/2026 22:15
f45948d9-171b-4327-8702-b6d2afe2c679,ceremonies.dog,available,7.49,64.99,medium,low,10,namesilo,,,29/09/2026 10:36
ec8b2459-b8fc-4cb5-8bbf-d4eb8ebe24a9,misconduct.dog,available,7.49,64.99,medium,low,10,namesilo,,,17/09/2026 05:28
a6582824-4f92-4faf-a5da-2553dcc7f4d6,doorman.dog,available,50.2,50.2,high,low,7,cloudflare,,,01/10/2026 01:48
12af3ab1-e354-41f7-9c2f-acee70bd4f72,spattered.dog,available,5.99,83.99,medium,low,9,name.com,,,13/08/2026 15:15
e590f76f-b470-4bd6-ac20-986e29ce7ea8,tks.dog,available,5.99,,high,low,3,name.com,,,
efd282c5-fca3-4daa-9390-911027826f3c,enlargement.dog,available,7.49,64.99,high,low,11,namesilo,,,30/09/2026 22:28
19b22cef-e6f6-4611-9537-ab72cc468e2f,orchestra.dog,available,5.38,51.95,high,low,9,spaceship,,,30/09/2026 06:11
0d2ffc88-c379-4797-b067-5f31d43726bb,audile.dog,available,5.98,86.98,medium,low,6,namecheap,,,07/08/2026 16:40
22a31281-e922-4324-baee-324d901430d7,bret.dog,available,5.98,86.98,medium,low,4,namecheap,,,29/09/2026 03:55
256a7557-aa82-4bf8-b703-18c0436f1211,hinterland.dog,available,7.49,64.99,high,low,10,namesilo,,,21/09/2026 14:33
2828b2f9-2471-4057-a69e-0666ec3f209e,cylinders.dog,available,50.2,50.2,low,low,9,cloudflare,,,30/09/2026 06:02
e3b079ab-dc52-4281-88f0-d9b369c2113d,endorsement.dog,available,7.49,64.99,high,low,11,namesilo,,,29/09/2026 04:49
eb8746a0-4e56-48b9-871b-9e2e013dd726,whirring.dog,available,5.98,86.98,medium,low,8,namecheap,,,13/09/2026 11:28
020e4d49-2333-426d-839c-bf862dbec433,reversal.dog,available,50.2,50.2,high,low,8,cloudflare,,,29/09/2026 18:17
dfb85976-b392-47d6-b806-2a34d13b6e71,nescient.dog,available,5.98,86.98,medium,low,8,namecheap,,,21/08/2026 18:29
e208b974-a7b5-42a9-819d-51fa8fd41e9b,wrist.dog,available,7.49,64.99,high,low,5,namesilo,,,28/09/2026 22:18
69421048-e370-44b9-a30d-158fad480b97,winy.dog,available,5.98,86.98,medium,low,4,namecheap,,,13/09/2026 12:25
315617ac-941e-42fc-95dc-39e6f92c3bb8,validated.dog,available,5.98,86.98,high,low,9,namecheap,,,13/09/2026 00:59
c7d7a2d0-e307-46e7-a757-02f5e595357a,gaunt.dog,available,5.98,86.98,medium,low,5,namecheap,,,10/08/2026 18:54
f9a21cc7-e229-4c35-8aa0-883f20ce1133,clerical.dog,available,5.98,86.98,high,low,8,namecheap,,,12/08/2026 10:48
da28a6d7-c594-48f8-87c4-253be4362c48,rockwell.dog,available,7.49,64.99,high,low,8,namesilo,,,27/09/2026 04:54
f36ae76a-0b94-4c35-ad57-e4742a4cc681,toothless.dog,available,5.98,86.98,high,low,9,namecheap,,,11/09/2026 17:15
63947c25-c43b-409c-b042-ebb2011ea4ad,race.dog,premium,500,,high,low,4,name.com,,,27/09/2026 17:26
95dc82cc-8822-440b-bef2-6e234749474b,skins.dog,available,3.6,52.01,high,low,5,porkbun,,,29/09/2026 05:06
4f610223-b6d5-4648-a669-cbb6c2633f0b,caesium.dog,available,7.49,64.99,medium,low,7,namesilo,,,20/09/2026 23:16
4dd556d5-0197-4a94-bcc0-0a213f6a849e,testimony.dog,available,7.49,64.99,high,low,9,namesilo,,,28/09/2026 02:23
6cf3eb41-33a0-44d4-a40f-7d40be8f0503,chaim.dog,available,7.49,64.99,medium,low,5,namesilo,,,29/09/2026 22:18
404bc01a-e2ea-4734-9039-6d5a7c86dc25,glittering.dog,available,5.98,86.98,high,low,10,namecheap,,,
0b2c1977-0485-4e51-bb72-7a623776ae5d,fulfilling.dog,available,5.38,51.95,high,low,10,spaceship,,,29/09/2026 21:22
c83e7b7e-2b6d-44f1-a8ab-586ed67d6e53,proven.dog,available,7.49,64.99,high,low,6,namesilo,,,27/09/2026 08:25
8b2af829-65d2-45d1-bb13-6eaa2bb71a2a,disappointment.dog,available,5.99,,medium,low,14,name.com,,,
3329a541-b5f0-41be-82f9-bc69dd208cf4,lau.dog,available,50.2,50.2,medium,low,3,cloudflare,,,28/09/2026 07:25
520ce7a8-7e3a-4c1c-ac7b-5f361cf33608,dingdong.dog,available,5.98,86.98,high,low,8,namecheap,,,14/09/2026 12:47
0783f6aa-fab3-43b6-a8ac-fd3626d16885,gruff.dog,available,5.98,86.98,high,low,5,namecheap,,,13/08/2026 11:25
269c4f51-f634-46cb-96b5-324873be5a70,swam.dog,available,7.49,64.99,medium,low,4,namesilo,,,30/09/2026 05:56
45bd2ff3-9b38-4d9f-9f70-57520e0f6428,vector.dog,available,7.49,64.99,high,medium,6,namesilo,,,30/09/2026 14:20
8fa8dddb-1e87-48b6-bff8-b53109cca8c1,tasting.dog,available,50.2,50.2,high,low,7,cloudflare,,,29/09/2026 13:40
8f33f3f7-4a4a-4590-a341-3f0f45125b3c,asmera.dog,available,7.49,64.99,medium,low,6,namesilo,,,20/09/2026 14:30
f3f8f54b-bcb0-4c66-87a5-eefa40bcd214,tautly.dog,available,7.49,64.99,medium,low,6,namesilo,,,16/09/2026 08:09
f589c0be-2854-4541-a4d9-61fd0cb2f23c,shutting.dog,available,5.98,86.98,medium,low,8,namecheap,,,12/08/2026 12:22
38f41ae9-ad1d-4573-8ba8-5c2e0b47f0a2,ata.dog,available,50.2,50.2,medium,low,3,cloudflare,,,28/09/2026 11:37
f9073eea-8116-4c86-a4c7-a0cae14bc083,churl.dog,available,5.98,86.98,medium,low,5,namecheap,,,13/08/2026 05:00
5aac3efb-d1d0-4d79-a03e-b6662fb98c6f,digital.dog,resell,,,high,medium,7,"Global Domains International, Inc. DBA DomainCostClub.com",29/01/2026 15:15,29/01/2027 15:15,28/09/2026 15:01
7a5a5bfa-1322-4815-af1e-71c0f965aa7d,glare.dog,available,5.98,86.98,high,low,5,namecheap,,,24/09/2026 10:22
a245c13f-aff1-46a0-bf7a-018413ef67af,innovation.dog,available,7.49,64.99,high,medium,10,namesilo,,,30/09/2026 07:38
64fac3ac-49ee-47d4-b875-5d550bb546e6,previous.dog,available,5.38,51.95,high,low,8,spaceship,,,01/10/2026 02:56
a92be3c4-1d60-4a12-8a37-993e72974139,trenchant.dog,available,5.98,86.98,medium,low,9,namecheap,,,12/08/2026 10:33
99809f3b-6033-4050-8aa0-b7fbc612a90f,blather.dog,available,7.49,64.99,medium,low,7,namesilo,,,24/09/2026 04:46
33be4d29-aba1-40c0-a84b-7e49cd21b7af,storrs.dog,available,7.49,64.99,medium,low,6,namesilo,,,30/09/2026 22:16
36615761-c170-455d-b8a6-67fcdd37dfdc,elegantly.dog,available,5.98,86.98,medium,low,9,namecheap,,,14/09/2026 15:17
f39f0492-233a-4e22-92d5-0f003910ccbf,quarterly.dog,available,5.98,86.98,high,low,9,namecheap,,,09/09/2026 07:37
f235be5f-58a7-4c53-aea6-69178f37c0fe,bribable.dog,available,5.98,86.98,low,low,8,namecheap,,,11/08/2026 03:42
60b4b97b-384b-45fc-a4e0-5115edf9db79,mediate.dog,available,5.98,86.98,high,low,7,namecheap,,,21/08/2026 23:37
af5a3740-2b5d-4486-8548-e3287037d0f7,ingenuity.dog,available,5.98,86.98,high,low,9,namecheap,,,24/09/2026 15:35
d93f375c-614a-4132-8cdd-0a3389197ebb,sabrina.dog,available,5.38,51.95,medium,low,7,spaceship,,,29/09/2026 04:05
519dd5a3-49c3-4d6d-8599-68a252ac8043,damning.dog,available,5.99,83.99,medium,low,7,name.com,,,13/08/2026 16:33
4d8faff8-57aa-4ca3-accb-268864be4c69,dynasty.dog,available,5.38,51.95,high,low,7,spaceship,,,28/09/2026 13:57
18911547-2900-48cf-92a9-a3f89f2660f7,asio.dog,available,7.49,64.99,medium,low,4,namesilo,,,20/09/2026 14:18
00084a2e-4e39-4c31-864e-1bc81c8e69fd,convertible.dog,available,5.98,86.98,medium,low,11,namecheap,,,28/09/2026 15:45
1811ff9c-7fc1-4e90-9574-1c1a07a3c1c5,blades.dog,available,5.99,,high,low,6,name.com,,,
11dcf030-5c41-4944-a2b2-6466dd7dd7c3,mislabeled.dog,available,5.98,86.98,medium,low,10,namecheap,,,25/08/2026 01:21
ea5fc340-49e1-4495-b8b3-9479498db1a2,cindy.dog,available,5.99,,high,low,5,name.com,,,
25b3a87f-a64f-4b1b-9215-38f2ead4d9ca,coverage.dog,available,7.49,64.99,high,low,8,namesilo,,,29/09/2026 11:52
e6701e31-4eef-4168-a6cf-15cdb8be9a1e,mathew.dog,available,5.38,51.95,medium,low,6,spaceship,,,28/09/2026 16:30
40b7313d-6af4-4984-a1d2-1800ba625b18,ascendent.dog,available,5.98,86.98,medium,low,9,namecheap,,,
f2035aa9-adbb-4e55-8062-31897c584d8b,neutron.dog,available,7.49,64.99,high,low,7,namesilo,,,29/09/2026 07:41
dff82094-3155-4824-9ba4-002c121a3980,agricultural.dog,available,7.49,64.99,high,low,12,namesilo,,,30/09/2026 03:28
32a1d427-c169-4d88-ba9b-df72c8d1e8d8,baudelaire.dog,available,7.49,64.99,high,low,10,namesilo,,,22/09/2026 16:35
b17eb5a5-96ad-47bf-88cd-5a18f397cc70,warrant.dog,available,5.98,86.98,high,low,7,namecheap,,,08/09/2026 08:40
c1d1dd52-0e8b-433f-af3b-7370deff2faa,discourage.dog,available,50.2,50.2,medium,low,10,cloudflare,,,29/09/2026 20:38
18314799-1ea5-4a39-b080-f98353a784ab,employed.dog,available,5.98,86.98,high,low,8,namecheap,,,16/08/2026 18:24
2a44816d-67db-48e8-b485-31a489821241,sulfur.dog,available,5.98,86.98,high,low,6,namecheap,,,20/09/2026 22:28
ef0d5a9f-d41b-4afa-a47d-c429c085ceac,paniculate.dog,available,5.98,86.98,medium,low,10,namecheap,,,05/09/2026 01:01
50ec1dc2-7f11-412e-b11e-0c5bcd038043,saint.dog,available,7.49,64.99,high,low,5,namesilo,,,25/09/2026 23:06
d9a89303-22c3-4192-a2dc-d9384fe9c36f,prejudice.dog,available,5.98,86.98,high,low,9,namecheap,,,22/09/2026 20:16
ab23a0c1-0265-46cb-bd60-2cb14f850bf5,surfaces.dog,available,5.99,,medium,low,8,name.com,,,
6937d81d-7cb5-410b-a80a-44b30eccdbe7,crumb.dog,available,5.98,86.98,medium,low,5,namecheap,,,11/08/2026 09:20
db4486d2-89cb-4c17-b965-a0b335cde00b,spousal.dog,available,5.98,86.98,high,low,7,namecheap,,,11/08/2026 03:56
39fe8bc1-6489-4dc3-a2d7-8115042fbb29,ethnicity.dog,available,7.49,64.99,high,low,9,namesilo,,,01/10/2026 01:57
88a98578-33ac-4aaf-9477-631e01738fa7,striker.dog,available,5.98,86.98,high,low,7,namecheap,,,29/09/2026 08:09
0fcc9b76-4341-433c-b217-86603d1140ce,becker.dog,available,7.49,64.99,high,low,6,namesilo,,,29/09/2026 03:35
4b540b2a-e6bd-4bfa-a8f1-323609fce128,davy.dog,available,7.49,64.99,high,low,4,namesilo,,,29/09/2026 12:01
296bc08a-7f86-4e31-9b0f-2e4fe78ad767,figural.dog,available,5.98,86.98,medium,low,7,namecheap,,,18/08/2026 03:51
83932b97-8b7d-4ee7-9cbe-02edc5f6abd8,quixotic.dog,available,5.98,86.98,medium,low,8,namecheap,,,09/09/2026 09:04
b3153f9e-21dc-4e45-87b7-8c0d48f8a035,elimination.dog,available,7.49,64.99,high,low,11,namesilo,,,28/09/2026 02:39
c9ad779e-23d1-4c4b-b574-cd082120976e,brinjal.dog,available,7.49,64.99,high,low,7,namesilo,,,21/09/2026 02:34
8ea4e4a2-28fb-4a53-bb71-34bb3b0c0888,footed.dog,available,5.98,86.98,high,low,6,namecheap,,,18/08/2026 10:43
818de267-d880-4783-a97e-499040866d24,balzac.dog,available,7.49,64.99,medium,low,6,namesilo,,,22/09/2026 00:32
4e96f821-9964-4036-9a08-f0970c28bf88,branching.dog,available,5.98,86.98,high,low,9,namecheap,,,11/08/2026 02:08
a06376a5-647e-4dc3-b99c-a785461274a6,ball.dog,resell,,,high,low,4,Dynadot Inc,22/01/2026 17:00,22/01/2027 17:00,26/09/2026 04:14
6e6d0341-c4f2-424d-b334-0b9c3aad3005,introductions.dog,available,7.49,64.99,medium,low,13,namesilo,,,20/09/2026 22:09
1fecedd9-5afa-4e14-9398-524a0933d792,sacking.dog,available,5.98,86.98,medium,low,7,namecheap,,,21/09/2026 18:04
a1040816-9878-462d-a650-7f9160598624,colony.dog,available,5.38,51.95,high,low,6,spaceship,,,27/09/2026 12:41
c674f074-1bd5-44a9-9fe2-4a77e25d6537,barbarous.dog,available,5.98,86.98,medium,low,9,namecheap,,,08/08/2026 15:40
4b6e3d03-c150-4678-b516-9d9c892be491,bodied.dog,available,5.98,86.98,medium,low,6,namecheap,,,10/08/2026 16:44
b623527f-71b1-45d0-8a72-13acd54a246d,bumbling.dog,available,5.98,86.98,medium,low,8,namecheap,,,11/08/2026 09:34
a443c2db-719d-4316-be55-38bec19e3e43,imperial.dog,resell,,,high,low,8,Dynadot Inc,02/02/2026 17:00,02/02/2027 17:00,26/09/2026 06:49
717ac9a0-21a6-4c90-9454-e563228b3db0,crichton.dog,available,5.38,51.95,medium,low,8,spaceship,,,30/09/2026 01:11
3abf6a9c-3583-4b16-8287-3a429cbf0f80,becomingly.dog,available,5.98,86.98,medium,low,10,namecheap,,,13/09/2026 23:45
b882f448-237b-4ff2-a088-f3fe479136fe,prat.dog,available,5.98,86.98,medium,low,4,namecheap,,,09/08/2026 11:18
4aca2044-8580-467c-ab8e-fdbe0a74787a,abjuration.dog,available,7.49,64.99,medium,low,10,namesilo,,,16/09/2026 15:59
b972814d-e5c0-4df2-980c-8bb37786dbc5,xlvii.dog,available,5.98,86.98,medium,low,5,namecheap,,,
65f6ebab-737c-48ea-8e74-4375f2bb22f9,firsthand.dog,available,5.98,86.98,high,low,9,namecheap,,,18/08/2026 05:27
9cd4362a-3f07-475a-b403-e66bc8ec74bb,annotating.dog,available,7.49,64.99,medium,low,10,namesilo,,,19/09/2026 10:41
240e63ad-b8f5-4172-8c12-da5d48c26d23,life.dog,premium,520,520,high,medium,4,namecheap,,,25/09/2026 14:06
17a66c41-aae8-491e-a8b4-c4f056bade16,knapsack.dog,available,5.98,86.98,high,low,8,namecheap,,,21/09/2026 14:39
90831afb-2cdf-497d-baaa-192043418223,arkansan.dog,available,5.98,86.98,medium,low,8,namecheap,,,20/09/2026 06:11
cbb339f1-7c18-49a0-bbeb-334bf3ed5a3f,abkhazian.dog,available,5.98,86.98,medium,low,9,namecheap,,,
8bb89e39-f6cf-4ef1-b4b0-7489aa93389d,congestion.dog,available,3.5,53.72,medium,low,10,dynadot,,,29/09/2026 10:56
e7fd05fd-adb6-49cd-8073-0f58efad01b0,recognize.dog,available,7.49,64.99,high,low,9,namesilo,,,27/09/2026 02:43
0f035b89-648f-4906-80b9-a4a4b74bbf3d,expecting.dog,available,5.99,,high,low,9,name.com,,,
63f9dfcc-cfeb-4ca9-b078-323875982e1e,restriction.dog,available,5.99,,high,low,11,name.com,,,
f7690856-7625-4659-ada0-0ff2dde59c8d,oar.dog,available,5.98,86.98,high,low,3,namecheap,,,30/09/2026 05:58
9743f6b5-1b15-45b8-8875-0c8eb316df02,sunken.dog,available,5.98,86.98,medium,low,6,namecheap,,,13/08/2026 22:55
7b38c7e1-15b0-48bd-afcb-bddb9567c15b,malcolm.dog,available,7.49,64.99,high,low,7,namesilo,,,25/09/2026 14:54
53e54253-c6bc-4aff-a1a7-e9fc81c162b9,coed.dog,available,5.98,86.98,medium,low,5,namecheap,,,12/08/2026 13:16
8a770505-2d0e-4553-b3e0-57cb2d36cdd9,slavelike.dog,available,5.98,86.98,medium,low,9,namecheap,,,10/09/2026 10:32
c3ddfc2c-a500-4faa-9698-162da4ac833a,convolve.dog,available,5.98,86.98,medium,low,8,namecheap,,,13/08/2026 00:01
54d58776-b948-4ea6-ba9a-775b6b8a4cbe,caliber.dog,available,7.49,64.99,high,low,7,namesilo,,,24/09/2026 11:44
e57bff22-cfc4-4f0d-b500-f9310c58e683,apnea.dog,available,5.98,86.98,medium,low,5,namecheap,,,19/09/2026 18:04
703c4989-7f82-48c6-86d2-755ccbbbd46b,erroneous.dog,available,5.98,86.98,medium,low,9,namecheap,,,17/08/2026 12:56
412cc045-3b0a-4c22-b8c2-2f7abbffd33f,insults.dog,available,5.38,51.95,low,low,7,spaceship,,,29/09/2026 11:09
cbb0f326-3031-4fdf-896a-a91a7fb69e3f,slang.dog,available,5.98,86.98,high,low,5,namecheap,,,12/08/2026 15:12
9716deab-3b9c-468f-be4b-595ffa55e0bf,biased.dog,available,5.98,86.98,medium,low,6,namecheap,,,09/08/2026 18:36
8f5e3f51-6e7e-4870-a546-6d5c8964a966,backlog.dog,available,7.49,64.99,high,low,7,namesilo,,,21/09/2026 15:41
c833287d-0299-40d7-a766-b44232adc2cf,salted.dog,available,5.98,86.98,high,low,6,namecheap,,,11/08/2026 04:21
cff75cae-d957-4500-b518-a4be8c183dab,conceit.dog,available,7.49,64.99,medium,low,7,namesilo,,,18/09/2026 22:51
b1e4ed82-3f60-4ebf-bcf6-045085691455,brummell.dog,available,7.49,64.99,high,low,8,namesilo,,,22/09/2026 22:01
bcf539c0-4758-465b-a8d0-36954a37c6b5,disposable.dog,available,5.98,86.98,high,low,10,namecheap,,,14/08/2026 12:03
5cc28160-4aaa-4be6-884f-bdc52df31ffb,await.dog,available,3.5,53.72,high,low,5,dynadot,,,30/09/2026 15:31
561526d8-929b-4f4d-a6b1-16c9689456be,acousma.dog,available,7.49,64.99,medium,low,7,namesilo,,,17/09/2026 02:29
526fab24-37a3-4215-b09b-dafbd1c09df4,jeffrey.dog,available,7.49,64.99,high,low,7,namesilo,,,25/09/2026 13:36
ac3bf5a2-eb51-4d65-b8c2-f95b3262c21e,sundown.dog,available,5.98,86.98,high,low,7,namecheap,,,11/09/2026 02:12
40bb2136-6709-4616-af1c-03ef807fdcbd,textile.dog,available,5.38,51.95,high,low,7,spaceship,,,28/09/2026 02:25
b004653d-f5c3-47fa-9ed0-1566bc438e30,implant.dog,available,3.5,53.72,high,low,7,dynadot,,,29/09/2026 13:06
09319432-54b7-4f0a-8176-37b9a5ed7276,kemal.dog,available,7.49,64.99,medium,low,5,namesilo,,,30/09/2026 05:10
59ffd164-8691-47a0-bc7a-cea47f6da685,irritate.dog,available,5.38,51.95,medium,low,8,spaceship,,,29/09/2026 14:40
0f8a9dbe-f9d1-4352-b921-1220ca3a9877,acclaim.dog,available,7.49,64.99,high,low,7,namesilo,,,16/09/2026 22:32
ae5ca891-5708-4e8e-b221-14c0e8a5109b,creed.dog,available,7.49,64.99,high,low,5,namesilo,,,28/09/2026 18:43
ba2dd9cf-f883-45b3-a276-bea1e912eedc,hail.dog,available,7.49,64.99,high,low,4,namesilo,,,16/09/2026 22:38
84d1d64e-4a59-4e50-a25b-1bab18ece75f,anointer.dog,available,7.49,64.99,medium,low,8,namesilo,,,19/09/2026 11:18
31338dcf-e05a-4bec-a729-a176ba21ab81,knopf.dog,available,7.49,64.99,medium,low,5,namesilo,,,29/09/2026 11:20
099258c2-0240-43f7-ab19-768b3e309e4c,analytical.dog,available,5.98,86.98,medium,low,10,namecheap,,,
bf6d4ecd-c106-46f2-be7d-2284f8e11942,genoa.dog,available,50.2,50.2,high,low,5,cloudflare,,,30/09/2026 09:54
48d62aec-6e98-4706-8424-edaf459eec3f,ampersand.dog,available,7.49,64.99,high,low,9,namesilo,,,18/09/2026 23:09
25017360-1956-419e-a98a-aa1b8c0132aa,motto.dog,available,7.49,64.99,high,low,5,namesilo,,,28/09/2026 13:39
df4e03c3-8e38-490b-8053-9667409fb897,moonlit.dog,available,5.98,86.98,high,low,7,namecheap,,,25/08/2026 05:56
fe2a10e0-1a73-4705-90b5-1ee5a5e7db64,college.dog,premium,512,512,high,low,7,namesilo,,,29/09/2026 10:16
8fae2e08-581f-43c3-bef3-e37c051aac62,swallowed.dog,available,50.2,50.2,low,low,9,cloudflare,,,28/09/2026 23:16
04e5b6b6-adf5-4e2a-8d3d-ce7d5daa1683,opened.dog,available,5.98,86.98,high,low,6,namecheap,,,04/09/2026 16:13
e86dbbc6-6a83-44c0-bb8f-9a7554227410,hoarse.dog,available,5.98,86.98,medium,low,6,namecheap,,,21/08/2026 10:10
a7162686-1def-4617-b422-10cfe317c854,mick.dog,available,3.6,52.01,high,low,4,porkbun,,,28/09/2026 02:25
3206a985-9e25-4d2b-9f20-5388633c0614,weigh.dog,available,50.2,50.2,medium,low,5,cloudflare,,,28/09/2026 02:22
187c535c-5c8a-427b-862f-2e7c58f15506,picky.dog,available,5.98,86.98,high,low,5,namecheap,,,18/08/2026 05:00
01e0f549-e6c0-48e1-8cb6-8ec97cb657d1,disposed.dog,available,5.99,,high,low,8,name.com,,,
f9b73f53-cdc4-42db-a1be-fe38cb4a3b84,taunt.dog,available,5.98,86.98,medium,low,5,namecheap,,,11/09/2026 09:13
93557217-be64-45e4-832f-bd9bd8d24b61,episcopal.dog,available,5.98,86.98,medium,low,9,namecheap,,,17/08/2026 11:09
0d62c96b-748d-4815-adee-a552ed49b7c4,oks.dog,available,5.98,86.98,medium,low,3,namecheap,,,21/09/2026 06:13
3274406a-0116-4204-b205-8e4785acb09d,somatic.dog,available,5.98,86.98,high,low,7,namecheap,,,13/08/2026 01:56
31350a49-1501-44af-ab3e-48b13323c57e,watercress.dog,available,5.98,86.98,high,low,10,namecheap,,,13/08/2026 06:18
15bb2490-6b5e-4c77-ba84-f655628cc574,ineptitude.dog,available,7.49,64.99,medium,low,10,namesilo,,,21/09/2026 10:06
a0b3fdcc-803c-469a-ab3e-6c88ba739b18,billion.dog,available,7.49,64.99,high,low,7,namesilo,,,22/09/2026 20:43
32210ef5-04e3-4f92-a25c-60ad7542b290,epizoon.dog,available,5.98,86.98,medium,low,7,namecheap,,,15/08/2026 00:52
ffeac692-7760-47d6-a595-31a31a70e320,deuce.dog,available,5.98,86.98,high,low,5,namecheap,,,21/09/2026 12:17
d145b545-4a8f-4f33-b0ec-5e87f4f451a0,caught.dog,available,5.99,,high,low,6,name.com,,,
eb3b314f-7143-406b-bc56-590ca965f609,lunched.dog,available,7.49,64.99,medium,low,7,namesilo,,,21/09/2026 04:17
08f8f383-4c31-4152-b52e-5dc530b0fe5a,version.dog,available,5.38,51.95,high,low,7,spaceship,,,28/09/2026 18:17
59132101-9194-449c-bfc5-a6a5823c60c5,transeunt.dog,available,5.98,86.98,medium,low,9,namecheap,,,11/09/2026 18:53
a3a903a4-1ee0-4573-93b9-fb4914140ef5,overjoy.dog,available,50.2,50.2,high,low,7,cloudflare,,,30/09/2026 21:15
95d0e97b-9ca9-4b12-aa99-63e12c8e5a10,heatless.dog,available,5.98,86.98,medium,low,8,namecheap,,,21/08/2026 02:27
885a3b16-c9a9-40c3-b566-11318f50397b,graduate.dog,available,5.98,86.98,high,low,8,namecheap,,,20/08/2026 17:51
3f0e0ccd-8119-468c-9e2a-667e7819c4ee,shadowed.dog,available,5.98,86.98,medium,low,8,namecheap,,,10/09/2026 05:25
a84898b8-8bb5-490a-a7fd-75bf497db337,allowable.dog,available,5.98,86.98,high,low,9,namecheap,,,
7ef35b94-f784-4bf0-97d5-9e7a90199204,angelology.dog,available,7.49,64.99,medium,low,10,namesilo,,,19/09/2026 06:02
cb34ed6b-a855-4203-b2c2-0f67e3cd4476,crank.dog,available,5.98,86.98,medium,low,5,namecheap,,,13/08/2026 04:51
bd7c7af2-5055-49c8-9888-71ed37d16451,relevant.dog,available,5.98,86.98,high,low,8,namecheap,,,09/09/2026 13:33
67f6b815-ae96-44ce-8f23-98cfb3c66ada,sonant.dog,available,5.98,86.98,medium,low,6,namecheap,,,10/09/2026 14:08
227a1e5d-c010-491f-b666-2212d4eee627,nineties.dog,available,7.49,64.99,medium,low,8,namesilo,,,16/09/2026 12:01
d5d6a107-09fc-468c-b942-821e0c9fa763,parrott.dog,available,3.5,53.72,medium,low,7,dynadot,,,30/09/2026 21:39
ad7889ed-6ded-46a2-8aae-37b99bc23684,lightsome.dog,available,5.98,86.98,high,low,9,namecheap,,,10/08/2026 14:41
ee46c936-19a9-40f0-ba9c-41a508999ede,pornography.dog,available,7.49,64.99,medium,low,11,namesilo,,,28/09/2026 12:37
7d63d578-4ca7-4ef8-a0d8-ac811ec7e78f,absent.dog,available,5.98,86.98,high,low,6,namecheap,,,21/09/2026 14:37
eb1f0e91-1ea7-4f58-83d5-4ff7832e88ba,precision.dog,available,7.49,64.99,high,low,9,namesilo,,,28/09/2026 15:06
04f32f6c-8ad3-48d7-9475-20ca5c8c905e,cascade.dog,available,7.49,64.99,high,medium,7,namesilo,,,30/09/2026 01:01
e26be72c-3398-481d-9e33-8cc61cbfaa76,wisdoms.dog,available,5.98,86.98,medium,low,7,namecheap,,,21/09/2026 10:19
5a0c580d-f6ee-4f3e-847a-3d0bb0350612,punily.dog,available,5.98,86.98,low,low,6,namecheap,,,15/09/2026 22:01
0881d645-5ac8-4552-80d0-97a3d876c521,fairview.dog,available,5.38,51.95,medium,low,8,spaceship,,,28/09/2026 16:52
7165ed38-6e75-4517-aa5b-594d1830bf47,nescience.dog,available,5.98,86.98,medium,low,9,namecheap,,,12/09/2026 14:26
1634f1a9-d5a2-4602-b550-80efea61a061,restlessly.dog,available,5.98,86.98,medium,low,10,namecheap,,,15/09/2026 23:29
ffb5055f-1dec-4689-881a-c8d8c9644ddc,correction.dog,available,7.49,64.99,high,low,10,namesilo,,,28/09/2026 09:23
bba235f7-13a8-4745-a528-2fa97d37a7c3,gnp.dog,available,3.5,53.72,high,low,3,dynadot,,,30/09/2026 01:45
67c4187a-b27d-4228-bec2-6af794b8d133,tedious.dog,available,7.49,64.99,medium,low,7,namesilo,,,23/09/2026 00:32
f1361d1b-85a3-4ffa-b85b-1f06a50d8a2c,wedded.dog,available,5.98,86.98,high,low,6,namecheap,,,13/09/2026 09:30
80511398-9e09-4f8a-84f3-9f348ceb4d5c,ovine.dog,available,5.98,86.98,medium,low,5,namecheap,,,04/09/2026 22:07
62ed20b7-ffab-4b34-810c-38fffdaf4f45,stripped.dog,available,5.98,86.98,medium,low,8,namecheap,,,10/09/2026 22:48